00;1;num
007;1;num
01;1;num
047;1;num
065;1;num
09;1;num
098;1;num
101;1;num
103;1;num
105;1;num
109;1;num
10_;1;nr
10h25;1;nr
116;1;num
11_;1;nr
11a;1;nr
11h;1;nr
12_;1;nr
130;1;num
135;1;num
13_;1;nr
13a;1;nr
13h15;1;nr
13h30;1;nr
13o;1;nr
140;1;num
147;1;num
14_;1;nr
14h25;1;nr
157;1;num
15_;1;nr
15h;1;nr
160;1;num
162;1;num
163;1;num
165;1;num
166;1;num
1673;1;num
16_;1;nr
16h;1;nr
170;1;num
1753_1821;1;nr
1755;1;num
179;1;num
17_;1;nr
183;1;num
1860_1927;1;nr
1862;1;num
1864;1;num
1869;1;num
189;1;num
18_;1;nr
18h;1;nr
1901;1;num
1905;1;num
191;1;num
1911;1;num
1914;1;num
1923;1;num
1928;1;num
1929;1;num
1934;1;num
1939;1;num
1940;1;num
1942_1943;1;nr
1945;1;num
1947;1;num
1949;1;num
195;1;num
1950;1;num
1954;1;num
1956;1;num
1956_1958;1;nr
1959;1;num
1963;1;num
1964;1;num
1965;1;num
1965_2014;1;nr
1968;1;num
1971;1;num
1977;1;num
1979;1;num
1981;1;num
1982;1;num
1988;1;num
1989;1;num
1990;1;num
1991;1;num
1998;1;num
19_;1;nr
19h53;1;nr
1_;1;nr
1a;1;nr
2000;1;num
2002;1;num
2020;1;num
2022;1;num
2023;1;num
208;1;num
20_;1;nr
213;1;num
21h;1;nr
238;1;num
243;1;num
24h;1;nr
25_26;1;nr
266;1;num
2_;1;nr
308;1;num
3095;1;num
30m;1;nr
320;1;num
324;1;num
328;1;num
336;1;num
346;1;num
34a;1;nr
34th;1;nr
35;1;num
350;1;num
359;1;num
361;1;num
38;1;num
391;1;num
392;1;num
3_;1;nr
3h;1;nr
405;1;num
42;1;num
422;1;num
427;1;num
43;1;num
44;1;num
450;1;num
46;1;num
467;1;num
471;1;num
49;1;num
49o;1;nr
4_;1;nr
4a;1;nr
4o;1;nr
501;1;num
504;1;num
520;1;num
53;1;num
565;1;num
57;1;num
58;1;num
580;1;num
594;1;num
596;1;num
5_;1;nr
5_10;1;nr
5o;1;nr
602;1;num
611;1;num
627;1;num
63;1;num
663;1;num
674;1;num
6_;1;nr
6h;1;nr
6th;1;nr
700m;1;nr
716;1;num
736;1;num
74;1;num
745;1;num
763;1;num
769;1;num
77;1;num
775;1;num
78;1;num
7_;1;nr
7h;1;nr
7h58;1;nr
7th;1;nr
810;1;num
82;1;num
837;1;num
839;1;num
840;1;num
87;1;num
874;1;num
89;1;num
8_;1;nr
8a;1;nr
8th;1;nr
900;1;num
905;1;num
914;1;num
925;1;num
928;1;num
929;1;num
9400;1;num
96;1;num
98;1;num
980;1;num
982;1;num
99;1;num
99371_2832;1;nr
9_;1;nr
9h;1;nr
a_part;1;nr
abaixar;1;ver
abalado;1;adj
abandono;1;nom
abandoná_la;1;nr
abar;1;ver
abdeslam;1;nr
abedi;1;nr
abid;1;nr
abismado;1;adj
abismo;1;nom
abocanhar;1;ver
abolir;1;ver
abominar;1;ver
abordagem;1;nom
abortar;1;ver
abrangência;1;nom
abreviar;1;ver
abrigado;1;adj
abscesso;1;nom
absorção;1;nom
abstração;1;nom
abusar;1;ver
abusivo;1;adj
academia;1;nom
acaju;1;nom
acampamento;1;nom
acarretar;1;ver
acelerar;1;ver
acender;1;ver
acercar;1;ver_sup
acertado;1;adj
acervo;1;nom
aces;1;nr
acessar;1;nr
acessibilidade;1;nom
achincalha;1;nr
achincalhar;1;ver
acidentalmente;1;adv
acidez;1;nom
acirramento;1;nom
aclamadíssimo;1;nr
acne;1;nom
acobertar;1;ver
acolhido;1;nom
acometer;1;ver
acomodado;1;adj
acomodar;1;ver
acompanhado;1;adj
acompanhamento;1;nom
aconselhar;1;ver
acoplar;1;ver
acordado;1;adj
acordar;1;ver
acorde;1;adj
acossou;1;nr
acreditação;1;nom
acrimat;1;nr
acréscimo;1;nom
acrílico;1;nom
adaptado;1;adj
adaptar;1;ver
ademais;1;adv
adequadamente;1;adv
adeus;1;nom
adiantado;1;adj
adivinhar;1;ver
adjunto;1;adj
administrador;1;nom
admiração;1;nom
adolfo;1;nom
adriano;1;nom
adulterar;1;ver
adutor;1;nom
advento;1;nom
adversidade;1;nom
advertir;1;ver
aeródromo;1;nom
afeição;1;nom
afeto;1;nom
affair;1;nr
afirmação;1;nom
afloramento;1;nom
afp;1;nr
africano;1;adj
afro_americana;1;nr
afro_brasileira;1;nr
afrouxar;1;ver
aftosa;1;adj
afável;1;adj
agarrar;1;ver
agenor;1;nom
agiliza;1;nr
agilizar;1;nr
agitado;1;adj
agitação;1;nom
aglomerado;1;nom
agnóstico;1;adj
agostinho;1;nom
agradecê_la;1;nr
agraer;1;nr
agravamento;1;nom
agregar;1;ver
agreste;1;adj
agricultor;1;nom
agronegócio;1;nr
agrário;1;adj
aguar;1;ver
agudo;1;adj
aguentar;1;ver
agulha;1;nom
aichae;1;nr
aires;1;nom
ajoelhado;1;adj
ajudar_lhes;1;nr
ajudá_la;1;nr
ajuste;1;nom
akbar;1;nr
aksai;1;nr
alarmante;1;adj
albergue;1;nom
alberti;1;nom
albigineses;1;nr
albiginês;1;nr
alceu;1;nom
alcoolismo;1;nom
alcoólico;1;adj
aleatório;1;adj
alegado;1;adj
alegação;1;nom
alelo;1;nom
alessandro;1;nom
alfonso;1;nom
algema;1;nom
algoritmo;1;nom
alhures;1;adv
aliar;1;ver
alienadora;1;nr
alimenta_se;1;nr
alimentado;1;adj
alina;1;nom
aline;1;nom
aliviado;1;adj
aljazeera;1;nr
allahu;1;nr
allianz;1;nr
alocar;1;ver
aloftharlem;1;nr
alojar;1;ver
alquebrado;1;adj
altivo;1;adj
alucinado;1;adj
alucinante;1;adj
alumínio;1;nom
alvejar;1;ver
alçada;1;nom
alívio;1;nom
amado;1;adj
amarante;1;nr
amarelado;1;adj
amarelo;1;adj
amarrar;1;ver
amazona;1;nom
amazônia;1;nom
ambientalmente;1;adv
ambientar;1;ver
ambiguidade;1;nom
ambição;1;nom
ambulatório;1;nom
ameaçado;1;adj
ameno;1;adj
american;1;nr
amez;1;nr
amigável;1;adj
amplicate;1;nr
amplitude;1;nom
amputado;1;adj
amsterdam;1;nr
amsterdã;1;nom
amy;1;nr
amém;1;nom
anac;1;nr
anacrônico;1;adj
anaheim;1;nr
analista;1;nom
anarcossindicalistas;1;nr
anarquista;1;adj
anatorg;1;nr
ancestral;1;adj
ancorar;1;ver
andreessen;1;nr
andresen;1;nr
android;1;nr
andréia;1;nom
andy;1;nom
anel;1;nom
anexar;1;ver
anexo;1;adj
angariar;1;ver
anglicidade;1;nr
angústia;1;nom
anhanduí;1;nr
anielar;1;ver
ann;1;nr
annemberg;1;nr
anotar;1;ver
ansioso;1;adj
antecipar;1;ver
antecipação;1;nom
antepassado;1;nom
anteriormente;1;adv
anti_aérea;1;nr
anti_estatais;1;nr
antibacterianas;1;nr
anticandidato;1;nom
antiestatal;1;nr
antigamente;1;adv
antinatalismo;1;nr
antiofídico;1;adj
antioxidante;1;adj
antiterapias;1;nr
antiterrorismo;1;nom
antologia;1;nom
antropofagia;1;nom
antropólogo;1;nom
anuência;1;nom
anárquico;1;adj
ap;1;nr
apa;1;nr
apadrinhar;1;ver
aparato;1;nom
apartheid;1;nom
apaziguadoras;1;nr
apego;1;nom
aperfeiçoamento;1;nom
apertado;1;adj
aperto;1;nom
apetite;1;nom
apito;1;nom
aplaudido;1;adj
aplauso;1;nom
aplicado;1;adj
aplicável;1;adj
apoiador;1;adj
apollotheater;1;nr
apontado;1;adj
apontamento;1;nom
aportar;1;ver
aposento;1;nom
apparel;1;nr
apreciação;1;nom
apressado;1;adj
aprimorar;1;ver
aprisionamento;1;nom
aprisionar;1;ver
aprofundado;1;adj
apropriar_se;1;nr
aproximação;1;nom
apto;1;adj
apurado;1;adj
apuro;1;nom
apático;1;adj
apê;1;nr
apóstolo;1;nom
aquarela;1;nom
aquecimento;1;nom
aquidauana_ponta;1;nr
aquisição;1;nom
arauto;1;nom
arbitrário;1;adj
arborização;1;nom
ardiloso;1;adj
aredes;1;nr
arenoso;1;adj
arents;1;nr
argel;1;nom
argelino;1;adj
argélia;1;nom
argúcias;1;nr
ariano;1;adj
aristides;1;nom
armada;1;nom
armazenamento;1;nom
aroma;1;nom
arquivar;1;ver
arrabal;1;nr
arranha_céus;1;nr
arranhão;1;nom
arranjo;1;nom
arrastar;1;ver
arrebatar;1;ver
arrecadar;1;ver
arrefecer;1;ver
arregaçar;1;ver
arrepender;1;ver
arriscado;1;adj
arriscando_se;1;nr
arrogante;1;adj
arrojo;1;nom
arrombado;1;adj
arrombar;1;ver
arroyo;1;nom
arruda;1;nom
arrumado;1;adj
art;1;nr
artemy;1;nr
artesanato;1;nom
artesão;1;nom
artilharia;1;nom
artimanha;1;nom
artists;1;nr
artistsandfleas;1;nr
artéria;1;nom
ary;1;nom
ascendente;1;adj
ascendência;1;nom
ash;1;nr
asliceofbrooklyn;1;nr
asmaislidas;1;nr
aspirante;1;nom
aspirar;1;ver
assaltar;1;ver
assalto;1;nom
assentir;1;ver
assento;1;nom
assessor;1;nom
assis;1;nom
assisti_los;1;nr
associado;1;nom
assomar;1;ver
assorear;1;ver
assovio;1;nom
assumido;1;adj
assuralia;1;nr
assustado;1;adj
assustar;1;ver
asteroides;1;nr
asya;1;nr
atacado;1;nom
atacante;1;nom
atacá_la;1;nr
ataulfo;1;nom
atendende;1;nr
atendê_lo;1;nr
ater;1;ver
athos;1;nr
atingido;1;adj
atlantic;1;nr
atlético;1;adj
atmosfera;1;nom
atmosférico;1;adj
atrapalhado;1;adj
atrapalhar;1;ver
atraso;1;nom
atravessado;1;adj
atravessar;1;ver
atribuir;1;ver
atrito;1;nom
atualidade;1;nom
atualização;1;nom
atípico;1;adj
aude;1;nr
audiobook;1;nr
augusto;1;nom
austríaco;1;adj
authority;1;nr
autobiografia;1;nom
autoconduzam;1;nr
autoestima;1;nom
autointitula;1;nr
autolesionava;1;nr
automotivo;1;adj
autran;1;nr
avalanche;1;nom
avc;1;nr
aventureiro;1;nom
averiguação;1;nom
aviação;1;nom
avicena;1;nom
avisando_o;1;nr
avisar;1;ver
avistar;1;ver
aw;1;nr
azar;1;nom
aço;1;nom
açougueiro;1;nom
babá;1;nom
bacharelado;1;nom
bacharelismo;1;nom
bad;1;nr
badalada;1;nom
baiano;1;adj
bajular;1;ver
balada;1;nom
balança;1;nom
balbuciante;1;nr
balde;1;nom
balmoral;1;nr
baluarte;1;nom
bambi;1;nr
banalizar;1;ver
banana;1;nom
band;1;nr
bando;1;nom
bang;1;nr
banguela;1;adj
banimento;1;nom
banqueiro;1;nom
baptist;1;nr
barack;1;nr
barateamento;1;nom
barbado;1;nom
barbecue;1;nr
barbosa;1;nom
barco;1;nom
barnes;1;nr
barons;1;nr
barraca;1;nom
barreira;1;nom
barroso;1;nom
bartender;1;nr
baseou_se;1;nr
bastão;1;nom
batcheff;1;nr
batizar;1;ver
battistini_cornelia;1;nr
bauru;1;nom
bay;1;nr
bc;1;nr
beatles;1;nr
beato;1;adj
beber;1;ver
beckett;1;nr
beco;1;nom
begona;1;nr
beija_flor;1;nr
beira;1;nom
beiral;1;nom
beketov;1;nr
belamente;1;adv
belvedere;1;nr
bem_apessoados;1;nr
bem_sucedida;1;nr
bem_vindos;1;nr
benatar;1;nr
beneficiar;1;ver
benidorm;1;nr
benigno;1;adj
berlim;1;nom
berlusconi;1;nom
bernardes;1;nom
bertoldo;1;nom
berço;1;nom
best;1;nr
bevins;1;nr
bevis;1;nr
bezerro;1;nom
bhp;1;nr
bi;1;nom
bicha;1;nom
bicho;1;nom
bico;1;nom
bienal;1;nom
bijuteria;1;nom
bikenewyorkcity;1;nr
bilheteria;1;nom
billiton;1;nr
bináriaou;1;nr
biologia;1;nom
bioquímica;1;nom
biquíni;1;nom
birarelli;1;nr
bisão;1;nom
bittencourt;1;nr
biólogo;1;nom
blairo;1;nr
bleecker;1;nr
blogs;1;nr
bloody;1;nr
bloomingdales;1;nr
blues;1;nom
boardwalk;1;nr
bobo;1;adj
bocchi;1;nr
bogomilos;1;nr
boi;1;nom
bolacha;1;nom
bolha;1;nom
bolo;1;nom
bolsa_aquilo;1;nr
bombava;1;nr
bombeamento;1;nom
bombom;1;nom
bones;1;nr
boom;1;nom
bope;1;nr
boquirroto;1;adj
borboleta;1;nom
borboleteiam;1;nr
borden;1;nr
borderline;1;nr
borought;1;nr
borracha;1;nom
boscagli;1;nr
boss;1;nr
boston;1;nom
botar;1;ver
boteco;1;nom
botão;1;nom
bovinocultura;1;nom
bow;1;nr
bradstreet;1;nr
brahma;1;nom
brain;1;nr
brandão;1;nom
bravo;1;adj
brazil;1;nr
braçada;1;nom
breaking;1;nr
breathariana;1;nr
brenda;1;nr
brinquedo;1;nom
broadwayweek;1;nr
broderick;1;nr
bronca;1;nom
bronx;1;nr
brown;1;nom
browsers;1;nr
brunello;1;nr
bruninho;1;nr
bruscamente;1;adv
brutal;1;adj
bryan;1;nom
brás;1;nom
bréton;1;nr
brígida;1;nom
buarque;1;nom
buddah;1;nr
buddakan;1;nr
budismo;1;nom
buenos;1;nom
building;1;nr
bulgária;1;nom
bullet;1;nr
bumbum;1;nom
bumps;1;nr
burger_joint;1;nr
burgess;1;nr
burguer;1;nr
buri;1;nom
burlesco;1;adj
burro;1;adj
bus;1;art_def
buscá_la;1;nr
business;1;nr
busão;1;nr
butt;1;nr
buy;1;nr
buzinar;1;ver
buñuel;1;nr
by;1;nr
bálsamo;1;nom
bárbaro;1;adj
bétula;1;nom
bíblia;1;nom
bônus;1;nom
búfalo;1;nom
cabeludo;1;adj
cabine;1;nom
cabra;1;nom
cabível;1;adj
cachecol;1;nom
cachoeira;1;nom
cadastro;1;nom
cadhain;1;nr
cadiz;1;nr
cafetão;1;nom
caiar;1;ver
caixeiros_viajavam;1;nr
caixinha;1;nom
caixote;1;nom
caixão;1;nom
calanda;1;nr
calar;1;ver
calarge;1;nr
calcular;1;ver
calibração;1;nom
calibre;1;nom
californiano;1;nom
calmo;1;adj
caloria;1;nom
caloroso;1;adj
calota;1;nom
calça;1;nom
calçado;1;nom
calças;1;nom
camarotti;1;nr
camarão;1;nom
cambalhota;1;nom
camboja;1;nom
camburão;1;nom
caminhada;1;nom
camp;1;nr
campbell;1;nom
campino;1;nom
canalizar;1;ver
candidato;1;nom
candidatura;1;nom
candura;1;nom
canela;1;nom
canetinhas;1;nr
cangaço;1;nom
cano;1;nom
cansado;1;adj
cansativo;1;adj
canção;1;nom
capacete;1;nom
capacitado;1;adj
capacitar;1;ver
capitalismo;1;nom
capitação;1;nom
capivara;1;nom
caprichar;1;ver
captura;1;nom
caranguejo;1;nom
cardiologia;1;nom
cardiovascular;1;adj
cards;1;nr
careiro;1;adj
carente;1;adj
carga;1;nom
carimbado;1;adj
carla;1;nom
carlin;1;nr
caro;1;adj
carol;1;nr
carona;1;nom
carr;1;nr
carregado;1;adj
carregamento;1;nom
carreno;1;nr
carrinho;1;nom
carrière;1;nr
carro_chefe;1;nr
cartográfico;1;adj
cartola;1;nom
cartolagem;1;nr
cartolina;1;nom
cartão;1;nom
cartão_postal;1;nr
cartório;1;nom
cartões_postais;1;nr
caruaru;1;nom
carvão;1;nom
carácter;1;nom
carência;1;nom
casanova;1;nr
casca;1;nom
cascalho;1;nom
caseiro;1;adj
cassar;1;ver
cassino;1;nom
castello;1;nr
castigar;1;ver
casto;1;adj
casula;1;nom
cataclismo;1;nom
catalina;1;nr
catalogar;1;ver
catalunha;1;nom
catapulta;1;nom
catarinense;1;adj
catastrófico;1;adj
catedral;1;nom
catete;1;nom
cavaquinho;1;nom
caxias;1;nom
cazuza;1;nom
caça;1;nom
caçador;1;nom
caçando_os;1;nr
cbn;1;nr
ccj;1;nr
cego;1;adj
celso;1;nom
celulite;1;nom
cem;1;adj_num
ceni;1;nr
censura;1;nom
centenário;1;nom
centralparknyc;1;nr
century;1;nr
cenógrafo;1;nom
cerca;1;nom
cercamento;1;nr
cercamos;1;nr
cerceamento;1;nom
cercear;1;ver
cerh;1;nr
cerrado;1;adj
certidão;1;nom
certificado;1;adj
certificar;1;ver
certificação;1;nom
cesario;1;nr
ceticismo;1;nom
cev;1;nr
cgcre;1;nr
chacina;1;nom
chaminé;1;nom
chang;1;nr
chapada;1;nom
chaplin;1;nr
chapéu;1;nom
charles;1;nom
charlie;1;nr
charme;1;nom
charmoso;1;adj
charter;1;adj
chateado;1;adj
chato;1;adj
checar;1;ver
check_in;1;nr
cheeseburger;1;nr
chefia;1;nom
chefiar;1;ver
cheia;1;adj
cheirar;1;ver
cheiroso;1;adj
chelseamarket;1;nr
chicago;1;nom
chin;1;nr
chinelo;1;nom
chinen;1;nr
chip;1;nom
chirikoba;1;nr
chocante;1;adj
choco;1;adj
choro;1;nom
chorão;1;nom
chris;1;nr
christiaan;1;nr
christian;1;nom
christopher;1;nom
churrascaria;1;nom
churrasco;1;nom
churrasqueira;1;nom
chuteira;1;nom
ciberataques;1;nr
cicatrizar;1;ver
ciente;1;adj
cifuentes;1;nr
cigano;1;adj
cigarro;1;nom
ciliar;1;adj
cilindro;1;nom
cille;1;nr
cingapura;1;nom
cingir;1;ver
cinza;1;adj
cinzento;1;adj
circunstanciado;1;adj
ciro;1;nom
cisterna;1;nom
citibikenyc;1;nr
citypass;1;nr
ciumento;1;adj
civilidade;1;nom
ciúme;1;nom
claiton;1;nr
clamor;1;nom
clarice;1;nom
classificado;1;adj
claudio;1;nr
clavícula;1;nom
clean;1;nr
clerical;1;adj
clientela;1;nom
climatempo;1;nr
clinton;1;nom
clipe;1;nom
clique;1;nom
cloro;1;nom
club;1;nr
cláudio;1;nom
clérigo;1;nom
cmma;1;nr
co;1;nr
co_autor;1;nr
co_autora;1;nr
coach;1;nr
coampa;1;nr
cobertor;1;nom
cobo;1;nr
cocaína;1;nom
coco;1;nom
cocô;1;nom
coedição;1;nr
coeso;1;adj
cofins;1;nr
cofundador;1;nr
cognitivo;1;adj
cognitivo_intelectuais;1;nr
cognitivos_emocionais;1;nr
coin;1;nr
coinbase;1;nr
coincidentemente;1;adv
coinspark;1;nr
colaborador;1;nom
colaboração;1;nom
colchão;1;nom
coletividade;1;nom
coletânea;1;nom
coleção;1;nom
colher;1;ver
colidir;1;ver
colisão;1;nom
college;1;nr
collomb;1;nr
colocá_lo;1;nr
colombiano;1;adj
coloração;1;nom
colu;1;nr
colunável;1;nr
colégio;1;nom
colômbia;1;nom
combatê_lo;1;nr
combinado;1;adj
combo;1;nr
combustível;1;nom
comemorativo;1;adj
comemoração;1;nom
comenda;1;nom
comercializar;1;ver
comercialização;1;nom
comerciante;1;nom
comestível;1;adj
cometa;1;nom
cometido;1;adj
comissionado;1;adj
comissão;1;nom
comitê;1;nom
common;1;nr
compactar;1;ver
comparativo;1;adj
comparecer;1;ver
compatriota;1;nom
comper;1;nr
competitividade;1;nom
complemento;1;nom
componente;1;nom
comportado;1;adj
comportamental;1;adj
comportar;1;ver
composto;1;nom
comprador;1;nom
compreensão;1;nom
comprimento;1;nom
comprometê_las;1;nr
comprovante;1;nom
comprá_lo;1;nr
compulsivo;1;adj
compulsório;1;adj
comumente;1;adv
comunismo;1;nom
comédia;1;nom
comício;1;nom
con;1;nr
concatenação;1;nom
conceitual;1;adj
concentada;1;nr
concernir;1;ver
concertar;1;ver
concha;1;nom
concorrente;1;nom
concorrer;1;ver
concretizar;1;ver
condado;1;nom
condicionar;1;ver
condizer;1;ver
confaz;1;nr
confederação;1;nom
confinamento;1;nom
confinando_os;1;nr
confinar;1;ver
conflitante;1;adj
confluência;1;nom
conformista;1;adj
confortável;1;adj
confronto;1;nom
congestionado;1;adj
congestionamento;1;nom
congregação;1;nom
conjugar;1;ver
conmovido;1;nr
connosco;1;pro_ind
conotação;1;nom
conquista;1;nom
consensual;1;adj
conseqüentes;1;nr
conservacionista;1;nom
conservá_las;1;nr
considerando_me;1;nr
considerável;1;adj
consignação;1;nom
consistir;1;ver
consistência;1;nom
consolar;1;ver
conspirador;1;nom
conspiração;1;nom
constantinopla;1;nom
constitucional;1;adj
constituinte;1;nom
constituição;1;nom
constranger;1;ver
constrangimento;1;nom
construtivo;1;adj
consultar;1;ver
consultivo;1;adj
consultor;1;nom
consultoria;1;nom
consultório;1;nom
consumismo;1;nom
consórcio;1;nom
contador;1;nom
contagiante;1;adj
contagioso;1;adj
contanto;1;conj
contaro;1;nr
contemplar;1;ver
contemplação;1;nom
contemporiza;1;nr
contestar;1;ver
contextualizar;1;ver
contextualização;1;nom
continental;1;adj
contingência;1;nom
contista;1;nom
contornar;1;ver
contra_ataques;1;nr
contracultura;1;nom
contradizer;1;ver
contrainformação;1;nr
contrapeso;1;nom
contraproposta;1;nom
contrastar;1;ver
contraído;1;adj
contribuinte;1;nom
controlador;1;nom
conturbar;1;ver
convencionalmente;1;adv
convencionar;1;ver
convencê_los;1;nr
convento;1;nom
conversaríamos;1;nr
conversão;1;nom
convicção;1;nom
convite;1;nom
convocar;1;ver
convulsionar;1;ver
convulsão;1;nom
convênio;1;nom
convívio;1;nom
cool;1;nr
cooperar;1;ver
coorganizador;1;nr
copiar;1;ver
copioso;1;adj
coqueiro;1;nom
coral;1;nom
cordialidade;1;nom
coreto;1;nom
cornell;1;nr
corno;1;nom
coro;1;nom
coroa;1;nom
correria;1;nom
corretamente;1;adv
corretivo;1;adj
correção;1;nom
corriere;1;nr
corroer;1;ver
corruptela;1;nom
cortina;1;nom
cortinthians;1;nr
cortlandt;1;nr
coréia;1;nom
cosmunismo;1;nr
costurar;1;ver
cota;1;nom
council;1;nr
county;1;nr
couro;1;nom
covardias;1;nr
cpf;1;nr
cr7;1;nr
crachazinho;1;nr
crack;1;nom
crane;1;nr
cranston;1;nr
craque;1;nom
cras;1;nr
creche;1;nom
creditício;1;nr
creem;1;nr
crematório;1;nom
crimeia;1;nr
criminalizar;1;ver
criminalizá_los;1;nr
criminalmente;1;adv
criminalística;1;nom
cripta;1;nom
cristandade;1;nom
cristiana;1;nr
crocante;1;nr
crocodilo;1;nom
cronista;1;nom
crowdfunding;1;nr
crucial;1;adj
cruelmente;1;adv
cruzado;1;nom
crânio;1;nom
cré;1;nr
crônico;1;adj
cubo;1;nom
culminar;1;ver
cultivado;1;adj
culture;1;nr
cumprimentar;1;ver
cunho;1;nom
curado;1;adj
curador;1;nom
curar;1;ver
curiosidade;1;nom
currículo;1;nom
curta_metragista;1;nr
curtição;1;nom
cuspir;1;ver
custear;1;ver
customizar;1;nr
custódio;1;adj
czar;1;nom
czes;1;nr
cápsula;1;nom
cárie;1;nom
cárneas;1;nr
cárneo;1;nr
cátaro;1;nr
câmbio;1;nom
cético;1;adj
cícero;1;nom
círculo;1;nom
cível;1;adj
cônjuge;1;nom
dailymail;1;nr
damasceno;1;nom
damatta;1;nr
danificar;1;ver
danilo;1;nom
danoso;1;adj
dantas;1;nom
dante;1;nom
dark;1;nr
darling;1;nr
darren;1;nr
dasso;1;nr
datar;1;ver
datasus;1;nr
datação;1;nom
davidson;1;nr
dbo;1;nr
dean;1;nr
death;1;nr
debater;1;ver
debmhab;1;nr
debring;1;nr
decantador;1;nr
decapitar;1;ver
decente;1;adj
decerto;1;adv
declaração;1;nom
decodificação;1;nom
decolar;1;ver
decomposição;1;nom
decorar;1;ver
decoro;1;nom
decorrência;1;nom
decradi;1;nr
decência;1;nom
dedo;1;nom
deduzir;1;ver
deem;1;nr
defasagem;1;nom
defeito;1;nom
defensivo;1;adj
deficiente;1;adj
deficitário;1;adj
degradado;1;adj
degrau;1;nom
deitado;1;adj
delatar;1;ver
delegada_geral;1;nr
deliberadamente;1;adv
deliberativo;1;adj
delineie;1;nr
delinquente;1;nom
delir;1;ver
delivery;1;nr
demandado;1;adj
demasiadamente;1;adv
demi;1;nr
demiti_lo;1;nr
demiurgo;1;nom
demo;1;nom
demográfico;1;adj
demolidor;1;adj
demolir;1;ver
demônio;1;nom
dentista;1;nom
dentário;1;adj
dependente;1;adj
depreciativo;1;adj
derivado;1;nom
derramamento;1;nom
derretimento;1;nom
desabar;1;ver
desacatar;1;ver
desacompanhado;1;adj
desamparado;1;adj
desastrado;1;adj
desastroso;1;adj
desatado;1;adj
desbloqueio;1;nom
desbocado;1;adj
descanso;1;nom
descaramento;1;nom
descarte;1;nom
descartá_lo;1;nr
descaso;1;nom
descender;1;ver
descentralização;1;nom
descentralizações;1;nr
descoberto;1;adj
descobriu_se;1;nr
desconforto;1;nom
descontar;1;ver
descontraído;1;adj
descontrolar;1;ver
descrença;1;nom
descumprimento;1;nom
desembaraçar;1;ver
desembarcar;1;ver
desembargador;1;nom
desempenho;1;nom
desenrolar;1;ver
desesperar;1;ver
desesperei;1;nr
desespero;1;nom
desfazendo_se;1;nr
desfazê_lo;1;nr
desfeito;1;adj
desfrutar;1;ver
desgastado;1;adj
desgosto;1;nom
desigual;1;adj
desigualdade;1;nom
desiludir;1;ver
desilusão;1;nom
desligado;1;adj
desligar;1;ver
deslizamento;1;nom
deslizar;1;ver
desmaiado;1;adj
desmaio;1;nom
desmatamento;1;nom
desmaterialização;1;nom
desmilinguindo;1;nr
desmitificar;1;nr
desmontar;1;ver
desmotivado;1;adj
desnecessário;1;adj
desonestidade;1;nom
desordem;1;nom
desordenado;1;adj
desorientar;1;ver
despachar;1;ver
despeito;1;nom
despejá_la;1;nr
despencar;1;ver
desperdiçar;1;ver
desprover;1;ver
desrespeito;1;nom
dessedentação;1;nr
destacado;1;adj
destilação;1;nom
destituir;1;ver
desumano;1;adj
desvantagem;1;nom
desértico;1;adj
determinante;1;adj
detido;1;adj
devaneio;1;nom
devastador;1;adj
devastar;1;ver
dezena;1;nom
dia_a_dia;1;nr
diabo;1;nom
diagnóstico;1;nom
dialético;1;adj
diamante;1;nom
diane;1;nr
diarréia;1;nom
dic;1;nr
diez;1;nr
difamação;1;nom
diferenciado;1;adj
diferenciar;1;ver
difundido;1;adj
difundir;1;ver
difuso;1;adj
diga_se;1;nr
digitar;1;ver
diletante;1;nom
diligente;1;adj
diluído;1;adj
dimensionar;1;ver
dinâmica;1;nom
diogo;1;nom
dip;1;nr
diplomata;1;nom
direcionar;1;ver
diretivo;1;adj
dirty;1;nr
disciplina;1;nom
disciplinamento;1;nr
discrepante;1;adj
discriminação;1;nom
discrição;1;nom
discórdia;1;nom
diskit;1;nr
disney;1;nom
disneylândia;1;nom
disparo;1;nom
dispensável;1;adj
dispersar;1;ver
dispositivo;1;nom
disposto;1;adj
disputado;1;adj
disseminado;1;adj
dissidente;1;adj
dissipar;1;ver
dissociar;1;ver
dissolvido;1;adj
distanciar;1;ver
distinção;1;nom
distrair;1;ver
distraído;1;adj
ditado;1;adj
ditadura;1;nom
ditar;1;ver
diversificado;1;adj
diversificação;1;nom
dividendo;1;nom
divino;1;adj
divisor;1;nom
divórcio;1;nom
dixon;1;nr
dmitri;1;nr
dna;1;nr
doador;1;nom
dobro;1;nom
doctor;1;nr
documental;1;adj
documentar;1;ver
documentarista;1;adj
dolores;1;nom
doloso;1;adj
dominância;1;nom
donald;1;nom
donasci;1;nr
donatella;1;nr
donga;1;nr
donizetti;1;nr
dosar;1;ver
dou_me;1;nr
dourado;1;adj
doutorando;1;nom
doutrina;1;nom
doutrinação;1;nom
doze;1;adj_num
doçura;1;nom
dragão;1;nom
dramaticamente;1;adv
dramatização;1;nom
dramático;1;adj
dreadnoughtus;1;nr
drian;1;nr
dualidade;1;nom
dubai;1;nr
dubrok;1;nr
ducha;1;nom
dupla;1;nom
duplicar;1;ver
duradouro;1;adj
dust;1;nr
duzia;1;nr
dângelo;1;nr
dó;1;nom
dóri;1;nom
earle;1;nr
east;1;nr
eat;1;nr
eca_usp;1;nr
ecossistema;1;nom
ectoplásmicos;1;nr
ed;1;nr
edema;1;nom
edi;1;nr
editor_chefe;1;nr
editora;1;nom
editora_executiva;1;nr
editorial;1;adj
educacional;1;adj
educadamente;1;adv
educador;1;adj
efetivamente;1;adv
efetivar;1;ver
efetividade;1;nom
efluente;1;nom
efísio;1;nr
egito;1;nom
egresso;1;nom
egípcio;1;adj
eixo;1;nom
ejacular;1;ver
ejaculatórias;1;nr
ejaculação;1;nom
elaine;1;nom
elementar;1;adj
eletivo;1;adj
eletricista;1;adj
eletrizante;1;adj
elevatório;1;adj
elise;1;nr
elizabeth;1;nom
ella;1;nr
ellis;1;nom
elogiar;1;ver
elíseos;1;nom
elísio;1;nom
email;1;nr
emancipadora;1;nr
emanuele;1;nr
embaixador;1;nom
embalo;1;nom
embaraçar;1;ver
embargado;1;adj
emblemático;1;adj
embolsar;1;ver
emborrachar;1;ver
emboscada;1;nom
embrapa;1;nr
embriagado;1;adj
embrulho;1;nom
emergencial;1;adj
emigrar;1;ver
emilie;1;nr
emilio;1;nom
emirado;1;nom
emirates;1;nr
emocionante;1;adj
empecilho;1;nom
empilhava;1;nr
emplacar;1;ver
empoleirou;1;nr
empolgante;1;adj
empolgação;1;nom
empreendedor;1;nom
empreendedorismo;1;nr
empreitada;1;nom
empresarial;1;adj
empréstimo;1;nom
emérito;1;adj
encaminhamento;1;nom
encantado;1;adj
encantamento;1;nom
encantará;1;nr
encanto;1;nom
encarceramento;1;nom
encarecer;1;ver
encarecesse;1;nr
encarregado;1;adj
encolher;1;ver
encomenda;1;nom
encompridá_la;1;nr
encontra_se;1;nr
encontrá_los;1;nr
encosta;1;nom
encostar;1;ver
encravar;1;ver
encrenca;1;nom
endinheirado;1;adj
endêmico;1;adj
enfarado;1;nr
enfermeiro;1;nom
enfiar;1;ver
enfield;1;nr
enfim;1;adv
enforcar;1;ver
engajar;1;ver
enganar;1;ver
enganoso;1;adj
engatinhar;1;ver
engenharia;1;nom
engravidar;1;ver
enquadrar;1;ver
enraizado;1;adj
enredar;1;ver
enricar;1;ver
enrolar;1;ver
ensaboar;1;ver
ensolarado;1;adj
ente;1;nom
enteder;1;nr
entediar;1;ver
entender_lhe;1;nr
entendido;1;adj
entesourou;1;nr
entrave;1;nom
entregá_lo;1;nr
entrevistado;1;nom
entusiasta;1;nom
enunciar;1;ver
enunciação;1;nom
enviesar;1;ver
envolvente;1;adj
enxoval;1;nom
enxugar;1;ver
enxuto;1;adj
epilepsia;1;nom
eppur;1;nr
equatoriano;1;adj
equação;1;nom
equilibrado;1;adj
equipar;1;ver
era_me;1;nr
erasmo;1;nom
erechin;1;nr
ereção;1;nom
erguer_se;1;nr
erguido;1;adj
erigir_me;1;nr
ermete;1;nr
ernestina;1;nom
ernestito;1;nr
ernst;1;nr
erosão;1;nom
errante;1;adj
erótico;1;adj
esalq;1;nr
esbnyc;1;nr
escadaria;1;nom
escalar;1;adj
escamoteadas;1;nr
escandalizado;1;adj
escaneadas;1;nr
escanteio;1;nom
escaparemos;1;nr
escape;1;nom
escarpado;1;adj
escasso;1;adj
escavador;1;nom
escavadora;1;nom
escavação;1;nom
escoltar;1;ver
escopeta;1;nom
escoriação;1;nom
escravidão;1;nom
escrituração;1;nom
escultor;1;nom
escurecer;1;ver
escuro;1;adj
escócia;1;nom
escória;1;nom
esfaqueamento;1;nom
esforçar;1;ver
esfregar;1;ver
esganar;1;ver
esgotado;1;adj
esgotamento;1;nom
esgueirar;1;ver
esmagado;1;adj
esmagar;1;ver
esmo;1;nom
esmola;1;nom
espanhol;1;adj
espanta_se;1;nr
espantar;1;ver
espanto;1;nom
esparso;1;adj
especiaria;1;nom
especificar;1;ver
espectral;1;adj
espectro;1;nom
especular;1;ver
especulação;1;nom
espelhar;1;ver
esperto;1;adj
espesso;1;adj
espessura;1;nom
espionar;1;ver
espiritual;1;adj
espião;1;nom
espm;1;nr
espontaneamente;1;adv
esporte_mãe;1;nr
esquerdista;1;adj
esquisito;1;adj
esquizofrenia;1;nom
esso;1;nr
estabelecido;1;adj
estadia;1;nom
estadista;1;nom
estalinismo;1;nom
estandardiza;1;nr
estelionato;1;nom
estelionatário;1;nom
estender;1;ver
estilista;1;nom
estilização;1;nom
estima_se;1;nr
estoicos;1;nr
estonteante;1;adj
estourar;1;ver
estragar;1;ver
estranhamento;1;nom
estrear;1;ver
estrepolias;1;nr
estressante;1;adj
estridente;1;adj
estridência;1;nom
estritamente;1;adv
estrondo;1;nom
estácio;1;nom
estático;1;adj
estúpido;1;adj
esvaziar;1;ver
ete;1;nr
ethos;1;nr
etiqueta;1;nom
etnia;1;nom
etário;1;adj
eucalipto;1;nom
eurico;1;nom
european;1;nr
evaporar;1;ver
evasivo;1;adj
everest;1;nom
everledger;1;nr
evgenia;1;nr
evidenciar;1;ver
evidente;1;adj
evocar;1;ver
evolutivo;1;adj
ex_aluno;1;nr
ex_dirigentes;1;nr
ex_investigador;1;nr
ex_líder;1;nr
ex_marido;1;nr
ex_ministros;1;nr
ex_nora;1;nr
ex_secretário;1;nr
ex_senadora;1;nr
ex_vocalista;1;nr
exaltado;1;adj
exaltação;1;nom
excel;1;nom
excessivamente;1;adv
exceção;1;nom
excludente;1;adj
exclusividade;1;nom
exclusão;1;nom
excluído;1;adj
excursão;1;nom
executando_a;1;nr
existente;1;adj
existíssemos;1;nr
expatriar;1;ver
expediente;1;nom
expedir;1;ver
experimente_se;1;nr
experimento;1;nom
exploração;1;nom
explosivamente;1;adv
explosivo;1;adj
explotável;1;nr
explícito;1;adj
exportador;1;nom
exportar;1;ver
exportação;1;nom
express;1;nom
expulsar;1;ver
extenso;1;adj
externa;1;adj
extinguir;1;ver
extorquirem;1;nr
extrato;1;nom
extravasamento;1;nom
extrovertido;1;nom
f;1;nom_sup
f57;1;nr
fabiana;1;nom
fabricante;1;nom
fabricar;1;ver
fabricação;1;nom
faceta;1;nom
facial;1;adj
factom;1;nr
fagundes;1;nom
fairey;1;nr
fairplay;1;nr
faisão;1;nom
fajuto;1;adj
falecido;1;adj
falhar;1;ver
falsidade;1;nom
faminto;1;adj
fantasiar;1;ver
fantasmagórico;1;adj
faraó;1;nom
farinha;1;nom
farkas;1;nr
farmacêutico;1;adj
fascista;1;adj
fatia;1;nom
fatto;1;nr
fatura;1;nom
fauna;1;nom
faxineiro;1;nom
faz_se;1;nr
fazendeiro;1;nom
fazendo_se;1;nr
fazendário;1;adj
fazê_los;1;nr
fe;1;nr
febre;1;nom
fecal;1;adj
fecundar;1;ver
federativo;1;adj
feio;1;adj
feirante;1;nom
feitura;1;nom
felicidade;1;nom
felipe;1;nom
fellowship;1;nr
fernand;1;nom
fernandes;1;nom
feroz;1;adj
ferrari;1;nom
ferraz;1;nom
ferry;1;nr
ferver;1;ver
fervor;1;nom
fest;1;nr
festividade;1;nom
fetiche;1;nom
fgv;1;nr
fiação;1;nom
ficção;1;nom
fidedignidade;1;nom
fidelidade;1;nom
fields;1;nr
fiesp;1;nr
fifth;1;nr
figurino;1;nom
filhote;1;nom
filigrana;1;nom
film;1;nr
filmagem;1;nom
filmlinc;1;nr
filtração;1;nom
filão;1;nom
filé;1;nom
finalização;1;nom
financeiramente;1;adv
fincar;1;ver
fincher;1;nr
finlandês;1;adj
fio;1;nom
fiori;1;nom
firmar;1;ver
firme;1;adj
firmemente;1;adv
fiscalizar;1;ver
fisioterapia;1;nom
fita;1;nom
fitossanitário;1;adj
fitzgerald;1;nom
fiuk;1;nr
five;1;nr
fixar;1;ver
flagelo;1;nom
flagrante;1;adj
flamengo;1;nom
fleas;1;nr
flexibilidade;1;nom
flexibilizar;1;ver
flora;1;nom
florentino;1;adj
florianópolis;1;nom
florinda;1;nom
fluidez;1;nom
fluido;1;adj
flórida;1;nom
flúor;1;nom
fofoca;1;nom
folclore;1;nom
folclorização;1;nr
folclórico;1;adj
folga;1;nom
folgado;1;adj
foliar;1;ver
fomentar;1;ver
fomento;1;nom
fon;1;nr
fonseca;1;nom
food;1;nr
forjar;1;ver
formado;1;adj
formador;1;adj
formalizar;1;ver
formalmente;1;adv
formatar;1;ver
formigoni;1;nr
formou_se;1;nr
formulação;1;nom
forneceu_lhe;1;nr
forneço_lhes;1;nr
fornidos;1;nr
forno;1;nom
fortalecer;1;ver
fortuna;1;nom
força_las;1;nr
fossati;1;nr
fotossíntese;1;nom
foz;1;nom
fracassar;1;ver
fracasso;1;nom
fragilidade;1;nom
fragmento;1;nom
francesco;1;nom
franzen;1;nr
françois;1;nom
frasco;1;nom
fraternidade;1;nom
fraturante;1;nr
fred;1;nom
free;1;nr
frei;1;nom
freire;1;nom
frequentado;1;adj
frequentador;1;nom
fresta;1;nom
freático;1;adj
frito;1;adj
friuli;1;nr
frustrar;1;ver
fsb;1;nr
fsprt;1;nr
fu;1;nr
fuentes;1;nr
fugitivo;1;adj
fulgêncio;1;nr
fumar;1;ver
funcional;1;adj
funcionalismo;1;nom
fundacion;1;nr
fundamentalismo;1;nom
fundamentalista;1;adj
fundamentalmente;1;adv
furna;1;nom
furo;1;nom
furstenberg;1;nr
furto;1;nom
fusão;1;nom
futurismo;1;nom
futurista;1;adj
futurologia;1;nom
fábrica;1;nom
fátima;1;nom
férreo;1;adj
fêmea;1;nom
fígado;1;nom
fílmico;1;adj
gabinete;1;nom
gabriela;1;nom
gaivota;1;nom
galera;1;nom
gallery;1;nr
galo;1;nom
galícia;1;nr
gameleira;1;nom
gana;1;nom
ganho;1;nom
gap;1;nr
garante_se;1;nr
garantia;1;nom
garayo;1;nr
garcía;1;nom
gardens;1;nr
garganta;1;nom
garrafa;1;nom
garçonete;1;nom
gasta_se;1;nr
gaston;1;nr
gastrointestinais;1;nr
gatta;1;nr
gavin;1;nr
gaye;1;nr
gazeta;1;nom
gaélico;1;nom
gelado;1;adj
generalização;1;nom
generosidade;1;nom
geneticista;1;nom
genius;1;nr
genocídio;1;nom
gentil;1;adj
gentili;1;nr
genuíno;1;adj
geofone;1;nr
geograficamente;1;adv
geologia;1;nom
geraldo;1;nom
gerardo;1;nom
germano;1;adj
gerson;1;nom
gestando;1;nr
gesteira;1;nr
gestualidade;1;nr
ghost;1;nr
gigabyte;1;nom
gil;1;nom
ginástica;1;nom
giovanni;1;nom
girar;1;ver
gislene;1;nom
glassboro;1;nr
glauber;1;nom
globoplay;1;nr
gold;1;nr
goldfinger;1;nr
goleiro;1;nom
golpeado;1;adj
gorar;1;ver
gordon;1;nr
gordura;1;nom
gorduroso;1;adj
gorro;1;nom
gospel;1;nr
gota;1;nom
goteira;1;nom
gourmet;1;nom
governante;1;nom
gps;1;nr
gradativamente;1;adv
gradativo;1;adj
grado;1;nom
graduação;1;nom
grafitar;1;ver
grafite;1;nom
grafiteiro;1;nom
graham;1;nr
grama;1;nom
gran;1;nr
gratidão;1;nom
gravado;1;adj
gravador;1;nom
gravata;1;nom
gravemente;1;adv
gravidade;1;nom
gravidar;1;ver
grego;1;adj
grev;1;nr
grill;1;nr
grimaldis;1;nr
gringa;1;nr
gringo;1;nom
gringoes;1;nr
gritado;1;adj
gritaria;1;nom
grito;1;nom
grolli;1;nr
grátis;1;adj
grécia;1;nom
grêmio;1;nom
gualaxo;1;nr
guaranha;1;nr
guarda_roupa;1;nr
guaribinha;1;nr
guarita;1;nom
guerrilheiro;1;adj
gueto;1;nom
gugghenheim;1;nr
guiado;1;adj
guilherme;1;nom
guitarra;1;nom
gullar;1;nom
guns;1;nr
gustavo;1;nom
gérard;1;nr
gíria;1;nom
ha;1;nr
habilidade;1;nom
habituado;1;adj
habituar;1;ver
hamburgueria;1;nr
hand;1;nr
hangar;1;nom
hans;1;nom
harmonia;1;nom
harris;1;nom
harvard;1;nom
hashing;1;nr
hashtag;1;nr
hashtags;1;nr
haxixe;1;nom
hebdo;1;nr
hegelianos;1;nr
heitor;1;nom
helicopter;1;nr
heloisa;1;nom
hematoma;1;nom
hendrix;1;nr
herald;1;nr
herbário;1;nom
herdar;1;ver
herdeiro;1;nom
herege;1;adj
heritage;1;nr
hermético;1;adj
hermínio;1;nom
herzog;1;nr
hidalgos;1;nr
hidrelétrico;1;adj
hidricos;1;nr
hidrografica;1;nr
hierarquia;1;nom
hierarquização;1;nom
higienizando;1;nr
hilton;1;nom
hinduísmo;1;nom
hino;1;nom
hipster;1;nr
historiar;1;ver
historicamente;1;adv
historicidade;1;nom
histérico;1;adj
hobbes;1;nom
holandês;1;adj
holly;1;nr
hollywood;1;nom
holofote;1;nom
home;1;nr
homicida;1;adj
homofóbica;1;nr
homossexual;1;adj
homônimo;1;adj
honestidade;1;nom
honesto;1;adj
honra;1;nom
honraria;1;nom
hooligans;1;nr
hopper;1;nr
horowitz;1;nr
horroroso;1;adj
horta;1;nom
hortêncio;1;nr
hot;1;adj
hotelaria;1;nom
hotéis_butique;1;nr
however;1;nr
hp;1;nr
hq;1;nr
hsc;1;nr
hub;1;nr
hubner;1;nr
hudson;1;nr
hueb;1;nr
hugo;1;nom
humanidade;1;nom
humanista;1;adj
humanização;1;nom
humildade;1;nom
humilhação;1;nom
humorado;1;adj
hurdes;1;nr
hxt;1;nr
húngaro;1;adj
i;1;sw
ianni;1;nr
ibama;1;nr
ibest;1;nr
ibiza;1;nr
ibérico;1;adj
icc;1;nr
idealizar;1;ver
identificado;1;adj
identificador;1;nom
idiossincrático;1;adj
idêntico;1;adj
idôneo;1;adj
ignorância;1;nom
igualar;1;ver
igualmente;1;adv
iii;1;nr
il;1;nr
ilegalmente;1;adv
ileso;1;adj
ilhéu;1;nom
ilimitado;1;adj
iludir;1;ver
iluminar;1;ver
iluminação;1;nom
ilustrar;1;ver
ilustrativo;1;adj
ilustração;1;nom
ilustre;1;adj
ilícito;1;adj
imagine_se;1;nr
imbirussu;1;nr
imbróglio;1;nom
imediatismo;1;nom
imensamente;1;adv
imergir;1;ver
imobilizar;1;ver
imobiliário;1;adj
impaciente;1;adj
impactante;1;nr
impassível;1;adj
impeachment;1;nom
impecável;1;adj
imperar;1;ver
imperfeito;1;adj
impessoalidade;1;nom
implicação;1;nom
implícito;1;adj
imponente;1;adj
impopular;1;adj
impossibilidade;1;nom
impotente;1;adj
imprescindível;1;adj
impressionante;1;adj
impressionar;1;ver
impressionismo;1;nom
impresso;1;adj
imprevisibilidade;1;nom
imprevisível;1;adj
improvisar;1;ver
improvável;1;adj
impulso;1;nom
impureza;1;nom
imune;1;adj
imunológico;1;adj
inabalável;1;adj
inaceitável;1;adj
inacreditável;1;adj
inativo;1;adj
incendiar;1;ver
incerteza;1;nom
incerto;1;adj
inchado;1;adj
incidir;1;ver
inclan;1;nr
inclinavam_no;1;nr
inclui_se;1;nr
incluiu_se;1;nr
incompreendido;1;adj
incompreensível;1;adj
incomum;1;adj
inconfundível;1;adj
inconsciente;1;adj
incorreto;1;adj
incredulidade;1;nom
incremental;1;adj
incrementar;1;ver
incêndio;1;nom
incômodo;1;adj
indenizatório;1;adj
independent;1;nr
independência;1;nom
indeterminado;1;adj
indicador;1;adj
indicação;1;nom
indiferente;1;adj
indiferença;1;nom
indignado;1;adj
indigno;1;adj
indisciplina;1;nom
indiscriminadamente;1;adv
indispensável;1;adj
indispor;1;ver
indutor;1;nom
indução;1;nom
ineficaz;1;adj
inequívoco;1;adj
inesquecível;1;adj
inevitavelmente;1;adv
inexperiente;1;adj
inexpugnável;1;adj
infernizar;1;ver
inferno;1;nom
infidelidade;1;nom
infiltrar;1;ver
inflação;1;nom
inflável;1;adj
informal;1;adj
informalidade;1;nom
infuso;1;adj
infusão;1;nom
ingestão;1;nom
ingrato;1;adj
ingressar;1;ver
ingênuo;1;adj
inibidor;1;nom
inimigo;1;adj
injetar_lhe;1;nr
injustamente;1;adv
injustiça;1;nom
inmetro;1;nr
inquestionável;1;adj
inquietação;1;nom
inquisição;1;nom
insalubridade;1;nom
insano;1;adj
insensível;1;adj
inserção;1;nom
inside;1;nr
insight;1;nom
insinuar;1;ver
insistente;1;adj
insolvência;1;nom
insolúvel;1;adj
inspecionar;1;ver
inspirador;1;adj
instaurar;1;ver
instauração;1;nom
instintivamente;1;adv
instrumentação;1;nom
instável;1;adj
insuportável;1;adj
insustentável;1;adj
insígnia;1;nom
intacto;1;adj
inteirar;1;ver
intel;1;nom
inteligentemente;1;adv
intelligentsia;1;nom
intencionado;1;adj
intensidade;1;nom
intensificamos;1;nr
intensificar;1;ver
intensivo;1;adj
interceptar;1;ver
interdisciplinar;1;adj
interferir;1;ver
interino;1;adj
interlagos;1;nom
intermediadora;1;nr
interminável;1;adj
interrupção;1;nom
intersindical;1;adj
intervalo;1;nom
into;1;nr
intransitável;1;adj
intransponível;1;adj
intriga;1;nom
intrigar;1;ver
intrometer;1;ver
intrínseco;1;adj
intuitivo;1;adj
inundar;1;ver
inundação;1;nom
inutilmente;1;adv
invalidez;1;nom
invasão;1;nom
inventário;1;nom
inverno;1;nom
inviável;1;adj
inácio;1;nom
inúmero;1;adj
ipev;1;nr
ira;1;nom
irlandês;1;adj
iroquois;1;nr
iroquoisny;1;nr
irracional;1;adj
irracionalmente;1;adv
irremediavelmente;1;adv
irrequieto;1;adj
irrestrito;1;adj
irritar;1;ver
irídio;1;nom
isentão;1;nr
isenção;1;nom
islamofobia;1;nr
iss;1;nr
itaqui;1;nr
itaú;1;nom
its;1;nr
iucatã;1;nr
iv;1;nr
ivana;1;nom
ivani;1;nom
ivo;1;nom
j;1;nom_sup
j10;1;nr
jackson;1;nom
jacobs;1;nr
jaibo;1;nr
jansenista;1;nr
jaqueta;1;nom
jargão;1;nom
jato;1;nom
java;1;nom
javali;1;nom
jaçanã;1;nom
jean;1;nom
jean_claude;1;nr
jean_georges;1;nr
jean_yves;1;nr
jeferson;1;nr
jefferson;1;nom
jejum;1;nom
jeová;1;nom
jerseygardens;1;nr
jesus;1;nom
jesusmar;1;nr
jesuíta;1;adj
jg;1;nr
jihadista;1;nr
jimi;1;nr
joalheria;1;nom
joe;1;nr
joias;1;nr
jonathanlevinegallery;1;nr
jones;1;nom
jornalístico;1;adj
jorrar;1;ver
josafá;1;nr
josmeyr;1;nr
journey;1;nr
jpmorgan;1;nr
jr;1;nr
juca;1;nom
judeu;1;adj
judicialização;1;nr
julianne;1;nr
julley;1;nr
junior;1;nom
juntamente;1;adv
juntossomosmaisfortes;1;nr
jurídico_formais;1;nr
justificativo;1;nom
justin;1;nr
jávencemos;1;nr
jô;1;nom
kaine;1;nr
kate;1;nr
keep;1;nr
kenneth;1;nr
kessel;1;nr
khalid;1;nr
khuram;1;nr
killed;1;nr
killers;1;nr
kings;1;nr
knackfuss;1;nr
kors;1;nr
labirinto;1;nom
laborioso;1;adj
lacan;1;nom
lacerda;1;nom
lacrimogêneo;1;adj
ladainha;1;nom
ladrão;1;nom
lagarto;1;nom
lage;1;nr
lagoa;1;nom
lagosta;1;nom
laico;1;adj
laina;1;nr
lamborghini;1;nr
lamuriam;1;nr
lane;1;nr
lantern;1;nr
lança;1;nom
lanço;1;nom
lapso;1;nom
largar;1;ver
largura;1;nom
laser;1;nom
lateral_direita;1;nr
latifundiário;1;nom
latino_americana;1;nr
laura;1;nom
lauren;1;nr
lavadeira;1;nom
lavra;1;nom
lavá_las;1;nr
lazer;1;nom
lazio;1;nom
laço;1;nom
leandro;1;nom
leibniz;1;nom
leigo;1;nom
leilão;1;nom
leito;1;nom
leitão;1;nom
lema;1;nom
leme;1;nom
lenda;1;nom
lendário;1;adj
lennon;1;nr
lençol;1;nom
leonardo;1;nom
les;1;nr
letalidade;1;nom
letícia;1;nom
levantado;1;adj
levá_la;1;nr
levá_los;1;nr
lgbt;1;nr
liberado;1;adj
libertação;1;nom
liberty;1;nr
libertyellisfoundation;1;nr
ligado;1;adj
lighthouse;1;nr
lightning;1;nr
lima;1;nom
limitante;1;adj
limited;1;nr
linear;1;adj
linhagem;1;nom
link;1;nom
lino;1;nom
lirismo;1;nom
liso;1;adj
litania;1;nr
literário;1;adj
livros_razão;1;nr
lizzie;1;nr
lição;1;nom
lobato;1;nom
locatário;1;nom
locaweb;1;nr
locação;1;nom
locke;1;nom
locução;1;nom
loesch;1;nr
logístico;1;nom
loiça;1;nom
lokomotiv;1;nr
lopes;1;nom
lotação;1;nom
louboutin;1;nr
loucamente;1;adv
louco;1;adj
louisarmstronghouse;1;nr
lounge;1;nr
lousada;1;nr
louvar;1;ver
love;1;nr
lu;1;nr
luciana;1;nom
lucille;1;nr
lucinei;1;nr
lucrar;1;ver
lucy;1;nr
ludens;1;nr
lula;1;nom
lulismo;1;nr
lulista;1;nr
lwow;1;nr
lya;1;nr
lyra;1;nom
lys;1;nr
lâge;1;nr
lívido;1;adj
lúcia;1;nom
lúcido;1;adj
m2;1;nr
macarronada;1;nom
macarthur;1;nr
macciardi;1;nr
machadada;1;nom
machado;1;nom
machismo;1;nom
maconha;1;nom
macys;1;nr
made;1;nr
madeira;1;nom
madeirites;1;nr
madison;1;nr
madri;1;nom
maestro;1;nom
mafioso;1;nom
maggi;1;nr
magnânimo;1;adj
magrelo;1;adj
maia;1;adj
mainstream;1;nr
maioral;1;nom
maiorca;1;nr
maistre;1;nr
mal_cheiro;1;nr
mal_entendido;1;nr
mal_humorados;1;nr
malabarista;1;nom
malar;1;ver
malcolm;1;nr
maldito;1;adj
malfitani;1;nr
malgrado;1;pre
malha;1;nom
malhava;1;nr
malhação;1;nom
maltratar;1;ver
malufista;1;nom
mamma;1;nr
mamãe;1;nom
mamão;1;nom
man;1;nr
manaus;1;nom
mancha;1;nom
manchete;1;nom
mandela;1;nom
manga;1;nom
mangue;1;nom
mangueira;1;nom
manipular;1;ver
maniqueus;1;nr
maniqueísmo;1;nom
manobra;1;nom
manobrar;1;ver
manoel;1;nom
mansfield;1;nr
mansur;1;nr
manta;1;nom
mantimento;1;nom
mantra;1;nr
mantê_lo;1;nr
manualmente;1;adv
manufatura;1;nom
manusear;1;ver
mapa;1;nom
mapear;1;ver
maracanãzinho;1;nr
maracujá;1;nom
maranhão;1;nom
maravilhosamente;1;adv
marc;1;nr
marcado;1;adj
marcondes;1;nom
maremoto;1;nom
mareuil;1;nr
margherita;1;nr
margheritas;1;nr
marginalidade;1;nom
marilyn;1;nr
marinheiro;1;nom
mario;1;nom
marisco;1;nom
marques;1;nom
marrom;1;adj
martarelli;1;nr
martin;1;nom
marvin;1;nr
marx;1;nom
marxista;1;adj
mary;1;nom
mascarado;1;adj
mascote;1;nom
masood;1;nr
massacrar;1;ver
massacre;1;nom
matadouro;1;nom
matematicamente;1;adv
matemático;1;nom
matias;1;nom
matilde;1;nom
matinal;1;adj
matricular;1;ver
matricídio;1;nom
matthew;1;nr
maturação;1;nom
matérias_primas;1;nr
mauricio;1;nom
maurício;1;nom
maus_tratos;1;nr
max;1;nom
maxsingburi;1;nr
maysa;1;nr
maytreia;1;nr
maço;1;nom
mbl;1;nr
mccartney;1;nr
mcs;1;nr
md;1;nr
meado;1;nom
meat;1;nr
meca;1;nom
medalha;1;nom
mediador;1;nom
mediar;1;ver
mediazona;1;nr
medical;1;adj
medicar;1;ver
medicação;1;nom
medina;1;nom
meditar;1;ver
meditação;1;nom
medição;1;nom
megabyte;1;nom
megalojas;1;nr
meia_noite;1;nr
meio_campo;1;nr
meira;1;nom
meirelles;1;nom
mejia;1;nr
melar;1;ver
memorial;1;nom
mendes;1;nom
mensalmente;1;adv
mensalão;1;nr
mentir;1;ver
menu;1;nom
mercadológico;1;adj
merecer;1;ver
merecimento;1;nom
merenda;1;nom
mero;1;adj
merong;1;nr
merval;1;nr
meshugá;1;nr
messi;1;nr
mestiçagem;1;nom
mestrado;1;nom
mestrando;1;nom
met;1;nr
metal;1;nom
meteoro;1;nom
meteorologia;1;nom
metmuseum;1;nr
metodicamente;1;adv
metrocard;1;nr
metálico;1;adj
mexilhão;1;nom
miar;1;ver
michael;1;nom
michelangelo;1;nom
michele;1;nom
michkin;1;nr
microeconômico;1;adj
migalhinha;1;nr
migratório;1;adj
migração;1;nom
mike;1;nom
milagre;1;nom
milheres;1;nr
milionário;1;adj
militante;1;nom
militarismo;1;nom
militão;1;nr
mimo;1;nom
minar;1;ver
minimercado;1;nr
minimizar;1;ver
minissérie;1;nom
minoria;1;nom
minucioso;1;adj
minúcia;1;nom
mirabal;1;nr
miranda;1;nom
mirar;1;ver
mirror;1;nr
miscelânea;1;nom
miserables;1;nr
misoginia;1;nr
missa;1;nom
misteriosamente;1;adv
miséria;1;nom
misógino;1;adj
mix;1;nr
mobilar;1;ver
mobília;1;nom
mochila;1;nom
modalidade;1;nom
moderação;1;nom
modern;1;nr
moderne;1;nr
modernidade;1;nom
moderninhas;1;nr
modernizar;1;ver
modulado;1;adj
modus;1;nr
moela;1;nom
mohamed;1;nom
moinho;1;nom
moldado;1;adj
moldar;1;ver
molde;1;nom
molhar;1;ver
molins;1;nr
molton;1;nr
momo;1;nom
mondar;1;ver
monge;1;nom
mongólia;1;nom
monitorada;1;nr
monitoradas;1;nr
monitorados;1;nr
monitorar;1;nr
monografia;1;nom
monograma;1;nom
monot;1;nr
monroe;1;nom
monstro;1;nom
monstruoso;1;adj
montalcino;1;nr
montanhoso;1;adj
mordovia;1;nr
moreira;1;nom
moreno;1;adj
morro;1;nom
mortadela;1;nom
mortis;1;nr
morumbi;1;nom
mosassauro;1;nr
moscardi;1;nr
mostar;1;nr
mosteiro;1;nom
mostra_se;1;nr
mote;1;nom
mother;1;nr
motociclista;1;nom
motor;1;nom
motorizado;1;adj
mott;1;nom
movimentado;1;adj
movimentação;1;nom
mp;1;nr
mpb;1;nr
mta;1;nr
mtst;1;nr
muccio;1;nr
mudou_se;1;nr
multi;1;nr
multichain;1;nr
multidão;1;nom
multimédias;1;nr
multimídia;1;adj
multiplex;1;nr
mundialmente;1;adv
muove;1;nr
murar;1;ver
music;1;nr
mutilar;1;ver
muy;1;nr
máirtín;1;nr
máquina;1;nom
márquez;1;nom
máscara;1;nom
médium;1;nom
mélanie;1;nr
mônica;1;nom
múltiplo;1;adj
músculo;1;nom
mútuo;1;adj
nacionalidade;1;nom
nacionalista;1;adj
nadya;1;nr
nantes;1;nr
narcisista;1;adj
narrador;1;nom
narrativa;1;nom
nasdaq;1;nr
nathan;1;nr
national;1;nr
nativo;1;adj
natos;1;nr
natura;1;nom
naturalmente;1;adv
naufragarão;1;nr
navalhada;1;nom
navegador;1;nom
navegar;1;ver
nazarín;1;nr
nbc;1;nr
negação;1;nom
negligenciável;1;adj
neide;1;nom
neopopulismo;1;nr
neorrealismo;1;nr
nervosismo;1;nom
nery;1;nom
networks;1;nr
neurocientistas;1;nr
neurocientífica;1;nr
neuroimagens;1;nr
neuronais;1;nr
neuronal;1;nr
neuroscientists;1;nr
neutralização;1;nom
nevasca;1;nom
new_york;1;nr
newspaper;1;nr
neymar;1;nr
nicarágua;1;nom
nicho;1;nom
nick;1;nr
nicola;1;nom
niilista;1;adj
nike;1;nom
nilton;1;nom
ninar;1;ver
ninety;1;nr
nivelar;1;ver
nobel;1;nom
nobu;1;nr
noel;1;nom
nolita;1;nr
non;1;nr
normativo;1;adj
normatizar;1;ver
norte_americanas;1;nr
norte_coreana;1;nr
norte_coreanos;1;nr
notadamente;1;adv
noticiar;1;ver
noticiário;1;nom
notável;1;adj
nova_iorquinos;1;nr
novaya;1;nr
noviço;1;nom
nu;1;adj
nuca;1;nom
nuevo;1;nr
ny;1;nr
nycgo;1;nr
náufrago;1;nom
nítido;1;adj
nó;1;nom
nórdico;1;adj
oab;1;nr
obama;1;nr
objetivo;1;nom
obra_prima;1;nr
obscurecer;1;ver
observador;1;nom
observe_se;1;nr
observância;1;nom
obsoleto;1;adj
obstante;1;adj
obstruir;1;ver
obstrução;1;nom
obstáculo;1;nom
obtido;1;adj
obtém_se;1;nr
oc;1;nr
ocasional;1;adj
ocasionar;1;ver
oceano;1;nom
oceanografia;1;nom
oculto;1;adj
ocupamtv;1;nr
odor;1;nom
oesta;1;nr
ofensivo;1;adj
oferendar;1;ver
ofertar;1;ver
offerman;1;nr
oftalmologista;1;nom
ofício;1;nom
ohio;1;nom
ok;1;nr
ola;1;nom
olhado;1;nom
oligárquico;1;adj
olshaker;1;nr
olvidar;1;ver
ombro;1;nom
ombudsman;1;nom
omissão;1;nom
omitir;1;ver
omitiu_se;1;nr
oms;1;nr
one;1;nr
onename;1;nr
online;1;nr
only;1;nr
ons;1;nr
onu;1;nr
onírico;1;adj
opcional;1;adj
open;1;nom
openbazaar;1;nr
operandi;1;nr
operário;1;nom
opinar;1;ver
oportunista;1;adj
oportuno;1;adj
orador;1;nom
orar;1;ver
ordenado;1;adj
orelha;1;nom
organizado;1;adj
organizador;1;adj
orgulhar;1;ver
orgânico;1;adj
orientado;1;adj
oriente;1;nom
originalmente;1;adv
oriundo;1;adj
orquestra;1;nom
ortodoxia;1;nom
orçamentário;1;adj
orçar;1;ver
osborne;1;nr
oscar;1;nom
oslo;1;nom
osmar;1;nom
oswald;1;nom
osz;1;nr
other;1;nr
otimismo;1;nom
otávio;1;nom
ouishare;1;nr
outfitters;1;nr
outono;1;nom
outorgar;1;ver
ouvi_los;1;nr
oz;1;nr
p;1;nom_sup
pablo;1;nom
pactuar;1;ver
pacífico;1;adj
padronizar;1;ver
pagador;1;adj
pagante;1;nom
page;1;nr
pago;1;adj
pagotto;1;nr
palatável;1;adj
paleontologia;1;nom
palestrante;1;nom
palhaçada;1;nom
pampa;1;nom
pamper;1;nr
pampulha;1;nom
pancadaria;1;nom
pandeiro;1;nom
panela;1;nom
panorâmico;1;adj
pantanal;1;nom
papado;1;nom
papai;1;nom
papal;1;adj
papelada;1;nom
paquetá;1;nom
paquistão;1;nom
parabenizar;1;ver
paradeiro;1;nom
paradinhas;1;nr
paradoxal;1;adj
paradoxalmente;1;adv
parafrasear;1;ver
paralelismo;1;nom
paraíso;1;nom
parece_me;1;nr
paredão;1;nom
parisien;1;nr
parra;1;nom
parreira;1;nom
partidário;1;nom
partindo_se;1;nr
parágrafo;1;nom
pasmo;1;adj
passível;1;adj
pasta;1;nom
pataxó;1;nr
patinar;1;ver
pato;1;nom
patrimonial;1;adj
patético;1;adj
paulistano;1;adj
pausa;1;nom
pavimento;1;nom
pazzanese;1;nr
país_sede;1;nr
pdt;1;nr
pe;1;nr
peccin;1;nr
pecuária;1;nom
pecuária_floresta;1;nr
pedi_lhe;1;nr
pediatria;1;nom
pedigree;1;nom
pejorativamente;1;adv
pele;1;nom
peludo;1;adj
penal;1;adj
penalidade;1;nom
penam;1;nr
pendurar;1;ver
peneiram;1;nr
penetrar;1;ver
penhall;1;nr
penosamente;1;adv
pensamentossuicidas;1;nr
pensão;1;nom
pentelhei;1;nr
península;1;nom
perdedor;1;nom
perdoar;1;ver
perene;1;adj
peres;1;nom
perez;1;nom
perfumado;1;adj
perfumaria;1;nom
perfume;1;nom
perfuração;1;nom
pergunto_me;1;nr
pericial;1;adj
periculosidade;1;nom
perito;1;nom
periódico;1;adj
permear;1;ver
permissão;1;nom
pero;1;conj
perpetrar;1;ver
perplexo;1;adj
persistente;1;adj
persistência;1;nom
persona;1;nr
personal;1;nr
perspicácia;1;nom
pertecem;1;nr
peruche;1;nr
perversão;1;nom
perímetro;1;nom
pesadelo;1;nom
pescoção;1;nr
pessegueiro;1;nom
pessimismo;1;nom
pessimista;1;adj
peste;1;nom
pestilento;1;adj
pet;1;nr
petiot;1;nr
petista;1;adj
petit;1;nr
petralha;1;nr
petrolífero;1;adj
pge;1;nr
ph;1;nom
philippe;1;nr
picado;1;adj
picasso;1;nom
piccoli;1;nr
pichador;1;adj
pichar;1;ver
pico;1;nom
piedade;1;nom
pieguice;1;nom
pieri;1;nr
pierre;1;nom
pietà;1;nr
pilar;1;nom
pilha;1;nom
pilotagem;1;nom
pimenta;1;nom
pingar;1;ver
pinotti;1;nom
pinta;1;nom
pinto;1;nom
pioneiro;1;nom
pipocar;1;ver
piquenique;1;nom
piratini;1;nom
pis;1;nr
piscar;1;nom
pivô;1;nom
pixinguinha;1;nom
pizza;1;nom
planetário;1;adj
planilha;1;nom
planta;1;nom
plantar;1;ver
plantio;1;nom
planurb;1;nr
planície;1;nom
platônico;1;adj
playboy;1;nom
plein;1;nr
plenamente;1;adv
plenitude;1;nom
plenário;1;adj
plexo;1;nom
pluma;1;nom
plâncton;1;nom
pms;1;nr
po_la;1;nr
podar;1;ver
poderoso;1;adj
podre;1;adj
poeira;1;nom
polarização;1;nom
policiou;1;nr
policloreto;1;nr
polo;1;nom
poltrona;1;nom
poluidor;1;nom
poluição;1;nom
polyakova;1;nr
polêmico;1;adj
pomba;1;nom
pontapé;1;nom
pontos_chave;1;nr
pontuador;1;nr
pontual;1;adj
pontuação;1;nom
populaçãa;1;nr
porcaria;1;nom
poroger;1;nr
porquê;1;adv
porsche;1;nr
port;1;nr
porta_malas;1;nr
portador;1;adj
portar;1;ver
portaria;1;nom
portela;1;nom
portátil;1;adj
porção;1;nom
possuia;1;nr
post_its;1;nr
postergação;1;nom
postular;1;ver
pote;1;nom
poupar;1;ver
povoado;1;adj
poético;1;adj
pr_tun;1;nr
prada;1;nr
prado;1;nom
praga;1;nom
praticante;1;nom
pratto;1;nr
precariedade;1;nom
precaução;1;nom
precipitar;1;ver
precoce;1;adj
preconceituoso;1;adj
predador;1;nom
predizer;1;ver
predominar;1;ver
predominância;1;nom
prefixo;1;adj
pregador;1;nom
premeditar;1;ver
premium;1;nr
premiê;1;nom
premonitório;1;adj
preocupante;1;adj
prepara_se;1;nr
preparativo;1;nom
prepare_se;1;nr
prescrever;1;ver
presidencial;1;adj
presidir;1;ver
presidência;1;nom
prestador;1;adj
prestigioso;1;adj
presumir;1;ver
pretensioso;1;adj
pretenso;1;adj
pretensão;1;nom
preuves;1;nr
preveem;1;nr
preventivamente;1;adv
previamente;1;adv
prezinho;1;nr
primeira_ministra;1;nr
primera;1;nr
primitivo;1;adj
primórdio;1;nom
principado;1;nom
print;1;nr
printou;1;nr
prioritário;1;adj
priscila;1;nom
privação;1;nom
privilegiar;1;ver
privilégio;1;nom
problemão;1;nr
procede_se;1;nr
procissão;1;nom
procuradoria;1;nom
prodigalidade;1;nom
produtivo;1;adj
profanar;1;ver
proferir;1;ver
professar;1;ver
profeta;1;nom
profissionalizante;1;adj
progenitor;1;nom
programabilidade;1;nr
programador;1;nom
programador_prodígio;1;nr
progressista;1;nom
progresso;1;nom
progressão;1;nom
projetor;1;nom
prolongado;1;adj
prometeico;1;nr
prometido;1;adj
promiscuidade;1;nom
pronasci;1;nr
pronto_socorro;1;nr
pronunciado;1;adj
pronunciar_se;1;nr
propagação;1;nom
propiciar;1;ver
propina;1;nom
proporcional;1;adj
propositadamente;1;adv
propulsor;1;nom
prosperar;1;ver
prostituto;1;nom
protagonizar;1;ver
protegê_las;1;nr
protegê_los;1;nr
protestante;1;adj
protetor;1;adj
protocolar;1;ver
protozoário;1;nom
protótipo;1;nom
proveniente;1;adj
prover;1;ver
providenciar;1;ver
provisoriamente;1;adv
provocado;1;adj
provocador;1;adj
provocação;1;nom
província;1;nom
prp;1;nr
prudente;1;adj
pré_determinadas;1;nr
pré_estado;1;nr
pré_fixadas;1;nr
pré_programadas;1;nr
pré_temporada;1;nr
príncipe;1;nom
pró_social;1;nr
pródigo;1;adj
prólogo;1;nom
prótese;1;nom
psdb;1;nr
pseudônimo;1;adj
psicanálise;1;nom
psicologizantes;1;nr
psicossocial;1;adj
psiquiatra;1;nom
psychopath;1;nr
publicidade;1;nom
publicitário;1;adj 
pulmonar;1;adj
pulso;1;nom
puna;1;nom
punhalada;1;nom
punho;1;nom
punição;1;nom
puramente;1;adv
pureza;1;nom
purgatório;1;nom
puritanismo;1;nom
puros_sangues;1;nr
pussy;1;nr
puxar;1;ver
pynchon;1;nr
páscoa;1;nom
pássaro;1;nom
pâncreas;1;nom
pélvico;1;adj
pérez;1;nom
pós_graduação;1;nr
pós_hegelianas;1;nr
pós_parto;1;nr
pós_produção;1;nr
pós_segunda;1;nr
pósitrons;1;nr
quadrante;1;nom
quadrinista;1;nr
quadrinistas;1;nr
qualificação;1;nom
qualitativo;1;adj
quantitativamente;1;adv
quantitativo;1;adj
quarenta;1;adj_num
quartas_feiras;1;nr
quarteirão;1;nom
quartel;1;nom
quarteto;1;nom
quatorze;1;adj_num
quebra;1;nom
queer;1;nr
queimado;1;adj
queimadura;1;nom
queiroz;1;nom
queirós;1;nom
queixa;1;nom
queixava_se;1;nr
quesito;1;nom
questionário;1;nom
quiero;1;nr
quiliano;1;nr
quimera;1;nom
quimioterapia;1;nom
quin;1;nr
quintal;1;nom
quintas_feiras;1;nr
quintão;1;nom
quotidiano;1;adj 
quão;1;adv
r3;1;nr
r44;1;nr
rabal;1;nr
rabin;1;nom
rabiscar;1;ver
rachid;1;nom
raciocinar;1;ver
racionalizar;1;ver
racionalmente;1;adv
radicalização;1;nom
radioativo;1;adj
radionovela;1;nr
rafael;1;nom
rafinha;1;nr
raianny;1;nr
ralo;1;adj 
ralph;1;nom
rambal;1;nr
ranking;1;nom
rançoso;1;adj
raramente;1;adv
rastrear;1;ver
ratificar;1;ver
rato;1;nom
raven;1;nr
razoável;1;adj
re;1;nr
reabastecer;1;ver
reabrir;1;ver
reacionário;1;adj
reacção;1;nom
readers;1;nr
reagrupar;1;ver
realacci;1;nr
realizado;1;adj
realizou_se;1;nr
realizá_la;1;nr
realocado;1;nr
realocação;1;nr
reapropriações;1;nr
reaproveitar;1;nr
rebaixamento;1;nom
rebaixar;1;ver
rebecca;1;nr
rebelde;1;adj
rebeldia;1;nom
recair;1;ver
recanto;1;nom
recear;1;ver
receberíamos;1;nr
recebido;1;adj
recebimento;1;nom
receio;1;nom
receptor;1;nom
recepção;1;nom
recessão;1;nom
reclamante;1;nom
reclamação;1;nom
recolocar;1;ver
recomendado;1;adj
recomendar;1;ver
recomeço;1;nom
recompor;1;ver
reconfigurar;1;nr
reconfortar;1;ver
reconstruir;1;ver
recorrer;1;ver
recorte;1;nom
recuar;1;ver
recém_chegadas;1;nr
recém_inaugurado;1;nr
red;1;nr
redator_chefe;1;nr
redecorar;1;nr
redobrado;1;adj
redutor;1;adj
reelaborando;1;nr
reelaboração;1;nr
reeleger;1;ver
reencarnarei;1;nr
reencarnação;1;nom
reencontrar;1;ver
reencontro;1;nom
reenviar;1;ver
reescrever;1;ver
referente;1;adj
referir;1;ver
refinado;1;adj
reformatório;1;nom
refugiar;1;ver
refúgio;1;nom
regulamentar;1;ver
regularização;1;nom
regulatórias;1;nr
regulatório;1;nr
regulação;1;nom
reich;1;nom
reincidência;1;nom
reintegrar;1;ver
reinventar;1;ver
reitor;1;nom
rejeitar;1;ver
relaicionamento;1;nr
relatividade;1;nom
relativizar;1;ver
relevante;1;adj
relógio;1;nom
remanescente;1;adj
rembrandt;1;nom
remeter;1;ver
remodelar;1;ver
remontar;1;ver
remoto;1;adj
renaissance;1;nr
renal;1;adj
renascimento;1;nom
renomado;1;adj
renovação;1;nom
reordenar;1;ver
repaginar;1;ver
reparação;1;nom
repasse;1;nom
repensar;1;ver
repente;1;nom
repentinamente;1;adv
repentino;1;adj
repetidamente;1;adv
repetido;1;adj 
repetitivo;1;adj
repetição;1;nom
replantio;1;nom
repositório;1;nom
repreender;1;ver
repressivo;1;adj
represália;1;nom
reprimir;1;ver
reprovável;1;adj
republic;1;nr
republicano;1;nom
requisitar;1;ver
reservado;1;adj
resfriar;1;ver
resguardá_las;1;nr
resguardá_los;1;nr
residencial;1;adj
residual;1;adj
resistente;1;adj
resort;1;nr
respaldo;1;nom
respectivamente;1;adv
respectivo;1;adj
respiratório;1;adj
responsabilizá_las;1;nr
ressalva;1;nom
ressalvar;1;ver
ressarcir;1;ver
ressentir;1;ver
resultante;1;adj
resumem_se;1;nr
resumir;1;ver
resvalar;1;ver
retaliação;1;nom
retenção;1;nom
reticente;1;adj
retiro;1;nom
retrato;1;nom
retração;1;nom
retrospectiva2017;1;nr
retrospectivo;1;nom
retrátil;1;adj
reutilizar;1;ver
reutilização;1;nom
revanche;1;nom
reverberar;1;ver
reverso;1;adj
revestido;1;adj
revestir;1;ver
revezar;1;ver
revigorar;1;ver
reviver;1;ver
revoltado;1;adj
revolucionário;1;adj
rey;1;nr
rh;1;nr
rhode;1;nr
ridicularizar;1;ver
rifle;1;nom
rigor;1;nom
riot;1;nr
riqueza;1;nom
ritual;1;nom
ritualização;1;nr
rivalidade;1;nom
rizoma;1;nom
rl;1;nr
road;1;nr
rodada;1;nom
rodo;1;nom
rodoviário;1;adj
roedor;1;nom
roger;1;nom
rojão;1;nom
rolara;1;nr
rolim;1;nr
roll;1;nr
romantizar;1;ver
rombo;1;nom
romper;1;ver
room;1;nr
roqueiro;1;nom
rossellini;1;nr
rosstat;1;nr
rotatório;1;adj
rotulação;1;nom
rousseff;1;nr
rowley;1;nr
royal;1;nom
royale;1;nr
ruir;1;ver
rupestre;1;adj
ruptura;1;nom
russian;1;nr
ruth;1;nom
ruy;1;nom
ruína;1;nom
régis;1;nom
réplica;1;nom
réu;1;nom
rúpia;1;nom
rústico;1;adj
sabatela;1;nr
sabedoria;1;nom
saboia;1;nr
sachs;1;nr
saco;1;nom
sacolinha;1;nr
sacolões;1;nr
sacudir;1;ver
sadali;1;nr
safadeza;1;nom
sagrado;1;adj
saguão;1;nom
saint_germain_des_prés;1;nr
saks;1;nr
salada;1;nom
salah;1;nr
saldo;1;nom
salgado;1;adj
salivação;1;nom
salman;1;nr
salomão;1;nom
saltar;1;ver
salto;1;nom
salvação;1;nom
salvo;1;adv
samba_jazz;1;nr
sambódromo;1;nom
sampaio;1;nom
samuel;1;nom
sands;1;nr
sandália;1;nom
sanguíneo;1;adj
sanidade;1;nom
santander;1;nr
santomauro;1;nr
sanção;1;nom
sapo;1;nom
sarandi;1;nr
sarandon;1;nr
sargento;1;nom
sarmanho;1;nr
sarney;1;nom
sarno;1;nr
sas;1;nr
satanização;1;nr
satisfatório;1;adj
satoshi;1;nr
saturado;1;adj
saturação;1;nom
satírico;1;adj
sbt;1;nr
sc;1;nr
schroder;1;nr
schuck;1;nr
sciotto;1;nr
scorcese;1;nr
seccional;1;adj
secessão;1;nom
secreção;1;nom
secular;1;adj
security;1;nr
sedaris;1;nr
sediar;1;ver
sedimentáveis;1;nr
seduzi_la;1;nr
segregacionista;1;adj
segregar;1;ver
seguidor;1;nom
seguindo_o;1;nr
seguradora;1;nom
segurar;1;ver
seinfeld;1;nr
selic;1;nr
sem_fim;1;nr
semad;1;nr
semelhança;1;nom
seminal;1;adj
sempreestareiaoseulado;1;nr
semântico;1;adj
senado;1;nom
senador;1;nom
senasp;1;nr
sene;1;nr
senor;1;nr
sensibilizar;1;ver
sensor;1;nom
sensualidade;1;nom
sente_se;1;nr
sentir_se;1;nr
separador;1;nom
separá_la;1;nr
sepultamento;1;nom
sequencia;1;nr
sera;1;nr
serenata;1;nom
sereno;1;adj
seriedade;1;nom
serigrafia;1;nom
seringa;1;nom
serpentina;1;nom
sertanejo;1;nom
sertão;1;nom
serígrafo;1;nr
set;1;nom
severino;1;nom
severo;1;adj
sexista;1;nr
sextas_feiras;1;nr
sexualmente;1;adv
shakespeare;1;nom
shazad;1;nr
sheldon;1;nr
shell;1;nom
shepard;1;nr
shirley;1;nom
shop;1;nr
sicomo;1;nr
sicília;1;nom
side;1;nr
sierra;1;nr
sigiloso;1;adj
siglar;1;ver
sigmund;1;nom
significação;1;nom
signo;1;nom
silenciar;1;ver
silveira;1;nom
silvio;1;nom
simbolizar;1;ver
simbólico;1;adj
simonal;1;nr
simpatia;1;nom
simplicidade;1;nom
simpósio;1;nom
simultaneamente;1;adv
sincelo;1;nr
sinceridade;1;nom
sincronização;1;nom
sindicado;1;nom
sindical;1;adj
sine;1;nr
sinestésico;1;adj
sinfônico;1;adj
sing;1;nr
singapore;1;nr
singelo;1;adj
sinpol;1;nr
sintaxe;1;nom
sintoma;1;nom
sinônimo;1;nom
sirene;1;nom
sistemático;1;adj
sisters;1;nr
skate;1;nr
sky;1;nr
skyline;1;nr
skypark;1;nr
slice;1;nr
slogan;1;nom
smartphone;1;nr
smartphones;1;nr
snapper;1;nr
soar;1;ver
sobra;1;nom
sobrado;1;nom
sobrecarregado;1;adj
sobressalto;1;nom
socialista;1;nom
society;1;nr
socioambientais;1;nr
socioambiental;1;nr
socioeconômico;1;adj
socioeducativo;1;nr
sociável;1;adj
soco;1;nom
socorro;1;nom
sofrível;1;adj
sofá;1;nom
sola;1;nom
solene;1;adj
solicitação;1;nom
solidez;1;nom
solidificar;1;ver
solidão;1;nom
solista;1;nom
solitário;1;adj
sonda;1;nom
soneka;1;nr
soprano;1;nom
soprar;1;ver
sorel;1;nr
soro;1;nom
sossego;1;nom
soterramento;1;nom
sounders;1;nr
source;1;nr
soviético;1;adj
spaceninety8;1;nr
sperimentale;1;nr
spice;1;nr
spices;1;nr
spipe;1;nr
spiti;1;nr
sptv;1;nr
sr;1;nr
stalinismo;1;nom
stalinista;1;adj
stangelly;1;nr
starling;1;nr
start;1;nr
starwood;1;nr
stella;1;nom
stents;1;nr
steve;1;nr
steven;1;nr
stib;1;nr
stj;1;nr
stool;1;nr
strawberry;1;nr
streaming;1;nr
stregisnewyork;1;nr
strip;1;nr
suavemente;1;adv
sub_bacia;1;nr
subalterno;1;nom
subconsciente;1;nom
subcutâneo;1;adj
subdivisão;1;nom
subestimar;1;ver
subida;1;nom
sublimar;1;ver
submeter_se;1;nr
subordinado;1;adj
subsequente;1;adj
subsolo;1;nom
substantivo;1;nom
subtexto;1;nom
subtrair;1;ver
subúrbio;1;nom
sucateado;1;nr
sucedido;1;adj
suco;1;nom
suculento;1;adj
sucumbir;1;ver
suicida;1;adj
sul_africano;1;nr
sul_americana;1;nr
suma;1;nom
sumido;1;adj
sun;1;nr
sunday;1;nr
suntuoso;1;adj
superencarceradores;1;nr
superestimar;1;ver
superficialmente;1;adv
superfícial;1;nr
superlegítima;1;nr
superá_los;1;nr
suplementar;1;adj
supletivo;1;adj
suposição;1;nom
suprimir;1;ver
surdo;1;adj
surpreendia_me;1;nr
surreal;1;adj
surrealismo;1;nom
sus;1;nr
susan;1;nom
suspender;1;ver
suspense;1;nom
sustentabilidade;1;nom
sustento;1;nom
susto;1;nom
suzano;1;nom
suíte;1;nom
suíço;1;nom
sylvia;1;nom
são_paulinos;1;nr
sífilis;1;nom
sísifo;1;nr
sócios_torcedores;1;nr
súbito;1;adj
tabelião;1;nom
tabloide;1;nr
tagarelar;1;ver
taglang;1;nr
tailandês;1;adj
tailândia;1;nom
talk_show;1;nr
tamandaré;1;nom
tamponamento;1;nom
tanga;1;nom
tangerina;1;nom
tank;1;nr
tapa;1;nom
tapete;1;nom
tapume;1;nom
tapurumã;1;nr
tarasov;1;nr
tarja;1;nom
tartaruga;1;nom
tbg;1;nr
tco;1;nr
teases;1;nr
tecido;1;nom
tecnocrático;1;adj
tectônico;1;adj
tegucigalpa;1;nom
teia;1;nom
teimar;1;ver
teixeira;1;nom
telecomunicação;1;nom
telefonar;1;ver
telemarketing;1;nr
telemetria;1;nom
televisionar;1;ver
televisivo;1;adj
temperamento;1;nom
tenaz;1;adj
tenor;1;nom
tensionamento;1;nr
tentador;1;adj
teologia;1;nom
teológico;1;adj
teor;1;nom
terceirizadas;1;nr
terceirizar;1;nr
terminantemente;1;adv
terorristas;1;nr
terreiro;1;nom
terremoto;1;nom
terrence;1;nr
territrório;1;nr
terroir;1;nr
terças_feiras;1;nr
terço;1;nom
testemunho;1;nom
tetralogia;1;nom
teu;1;pro_pos
texas;1;nom
thank;1;nr
thehighline;1;nr
thequinhotel;1;nr
thewayfarernyc;1;nr
think;1;nr
thomaz;1;nom
three_legged;1;nr
tietados;1;nr
tiffany;1;nr
tifo;1;nom
tijuco;1;nom
timidez;1;nom
timing;1;nom
tinir;1;ver
tinta;1;nom
tinteiro;1;nom
tipografia;1;nom
tirania;1;nom
tirânico;1;adj
tiré_die;1;nr
tkts;1;nr
toalha;1;nom
todavia;1;conj
tolerar;1;ver
tolerância;1;nom
tolstoi;1;nom
tomate;1;nom
tomate_cereja;1;nr
tomografia;1;nom
tonalidade;1;nom
tonight;1;nr
tony;1;nom
top;1;nr
topete;1;nom
toque;1;nom
tormento;1;nom
torna_se;1;nr
tornamo_nos;1;nr
tornando_se;1;nr
tortuoso;1;adj
torturado;1;adj
torácico;1;adj
toráxicas;1;nr
toscano;1;nom
tossir;1;ver
totalidade;1;nom
totalitário;1;adj
totalizar;1;ver
totem;1;nom
town;1;nr
toysrus;1;nr
trafegar;1;ver
traficante;1;nom
trair;1;ver
trama;1;nom
tranquilidade;1;nom
tranquilizador;1;adj
transfigurado;1;adj
transfigurar;1;ver
transforma_se;1;nr
transformá_lo;1;nr
transgeracional;1;nr
transitório;1;adj
transição;1;nom
transmitir;1;ver
transparecer;1;ver
transplantado;1;adj
transversal;1;adj
traseiro;1;adj
traslado;1;nom
traumatismo;1;nom
traumático;1;adj
travolta;1;nr
traynor;1;nr
traçar;1;ver
tremembé;1;nom
tremor;1;nom
treze;1;adj_num
tribeca;1;nr
tribo;1;nom
tribuna;1;nom
tributar;1;ver
trilha;1;nom
trimestralmente;1;adv
trincheira;1;nom
trinta;1;adj_num
triplicar;1;ver
triplo;1;adj_num
tripudiar;1;ver
tripulação;1;nom
tripé;1;nom
trivial;1;adj
troféu;1;nom
trombone;1;nom
trucks;1;nr
trudeau;1;nr
trupe;1;nom
trâmite;1;nom
trégua;1;nom
trêmulo;1;adj
tsering;1;nr
tu;1;pro_per
tubarão;1;nom
tuberculose;1;nom
tubo;1;nom
tucano;1;nom
tumba;1;nom
tumor;1;nom
turbidez;1;nr
turco;1;adj
turner;1;nr
turvo;1;adj
tábua;1;nom
tábula;1;nr
tático;1;adj
táxi_aéreo;1;nr
término;1;nom
tênue;1;adj
tíquete;1;nom
túlio;1;nom
ubaldo;1;nom
ucrânia;1;nom
udirley;1;nr
ufanismo;1;nom
ufms;1;nr
ufpe;1;nr
ufrj;1;nr
ultimar;1;ver
ultraliberais;1;nr
ultraliberalismo;1;nr
ultramarino;1;adj
umidade;1;nom
unesco;1;nr
unicamente;1;adv
unicamp;1;nr
uniformizar;1;ver
uniformização;1;nom
uno;1;adj
upa;1;nom
upar;1;ver
upgrade;1;nr
urban;1;nr
urna;1;nom
urology;1;nr
ursulinas;1;nr
urubici;1;nr
urupema;1;nom
usv;1;nr
usá_lo;1;nr
utensílio;1;nom
utopista;1;nr
vaca;1;nom
vacari;1;nr
vacaria;1;nom
vacinar;1;ver
vagabundo;1;nom
vago;1;adj
vagão;1;nom
valdemiro;1;nr
vale;1;nom
vanilda;1;nr
varejista;1;adj
variar;1;ver
variável;1;adj
varredor;1;nom
varrer;1;ver
vasconcellos;1;nom
vascular;1;adj
vassoura;1;nom
vauxhall;1;nr
vazar;1;ver
vedação;1;nom
vegana;1;nr
vegetariano;1;nom
vegetação;1;nom
vela;1;nom
velado;1;adj
vencimento;1;nom
vendido;1;adj
vendável;1;adj
veneno;1;nom
venezuela;1;nom
ventre;1;nom
verassani;1;nr
verbalmente;1;adv
verbo;1;nom
verdura;1;nom
verificou_se;1;nr
verificá_la;1;nr
vermont;1;nom
versatilidade;1;nom
verso;1;nom
verve;1;nom
vescovi;1;nr
vestuário;1;nom
vestígio;1;nom
vetar;1;ver
vetor;1;nom
viaduto;1;nom
vice_presidentes;1;nr
vice_versa;1;nr
vicente;1;nom
vicinal;1;adj
vidal;1;nom
videoarte;1;nr
videoartista;1;nr
videoperformer;1;nr
videoteca;1;nom
vieira;1;nom
viento;1;nr
views;1;nr
viga;1;nom
vigente;1;adj
vigiar;1;ver
vigilante;1;adj
vigilância;1;nom
vii;1;nr
vingança;1;nom
vinicius;1;nom
vintage;1;nr
violentamente;1;adv
violentar;1;ver
viraliza;1;nr
viralizar;1;nr
viramundo;1;nr
virgem;1;adj
virginia;1;nom
virgínia;1;nom
virtude;1;nom
virulência;1;nom
visitação;1;nom
vistoriar;1;ver
visualmente;1;adv
vital;1;adj
vitalik;1;nr
vitalício;1;adj
vitimizarem;1;nr
vito;1;nr
vitrine;1;nom
viveiro;1;nom
vizinhança;1;nom
voigt;1;nr
volt;1;nom
von;1;nom
vongerichten;1;nr
votorantim;1;nr
vuitton;1;nr
vulto;1;nom
vyacheslav;1;nr
véspera;1;nom
vê_los;1;nr
vínculo;1;nom
vômito;1;nom
wallace;1;nom
wangchuk;1;nr
warhol;1;nr
way;1;nr
wayfarer;1;nr
week;1;nr
weil;1;nr
wendy;1;nr
wener;1;nr
wenger;1;nr
west;1;nr
whatsapp;1;nr
wicked;1;nr
wikipedia;1;nr
wilhelm;1;nr
will;1;nr
windows;1;nom
winehouse;1;nr
winter;1;nr
wolbert;1;nr
woodburry;1;nr
woodburyoutlet;1;nr
workaholic;1;nr
wwf;1;nr
www;1;nr
wyoming;1;nr
x;1;nom_sup
xepa;1;nom
xereta;1;nom
xixi;1;nom
xvi;1;nr
xx;1;nr
xxi;1;nr
xícara;1;nom
youssef;1;nr
ypê;1;nr
yukos;1;nr
yuppies;1;nr
zadie;1;nr
zaghba;1;nr
zagorska;1;nr
zagueiro;1;nom
zahran;1;nr
zambelli;1;nr
zap;1;nr
zaventem;1;nr
zelaya;1;nr
zion;1;nr
zombar;1;ver
zombaria;1;nom
zunir;1;ver
ángel;1;nr
ápoca;1;nr
árbitro;1;nom
árduo;1;adj
ásia;1;nom
ângulo;1;nom
édouard;1;nr
étnico;1;adj
êxodo;1;nom
índole;1;nom
íntimo;1;adj
óbito;1;nom
óbvio;1;adj
ópera;1;nom
órama;1;nr
ótica;1;nom