"";"classe 1";"classe 2";"classe 3";"classe 4"
"ano";0,935;0,712;0,01;0,07
"dizer";0,008;0,332;0,185;0,476
"novo";0;0,553;0;0,426
"brasil";0;0,075;0,105;0
"mesmo";0,036;0,124;0,091;0,026
"dia";0;0,589;0,492;0
"família";0,041;0,075;0,055;0,251
"dar";0,001;0,005;0,006;0,136
"ficar";0,073;0;0;0,095
"samba";0;0;0,367;0
"país";0,005;0,006;0;0,276
"vida";0,011;0,504;0;0,237
"passar";0,801;0,327;0,581;0,109
"querer";0,002;0,024;0;0,355
"vez";0,128;0,239;0,465;0,901
"grande";0,014;0,131;0,103;0,815
"empresa";0,002;0,123;0,219;0
"contar";0,508;0,542;0,334;0,335
"filho";0;0,011;0,313;0,004
"polícia";0;0;0;0,613
"conseguir";0,17;0,578;0,182;0,04
"casa";0;0,122;0,125;0,001
"coisa";0;0,002;0;0
"bom";0;0,609;0;0,065
"gente";0,003;0;0,02;0,001
"falar";0,163;0,16;0,013;0,049
"trabalho";0,028;0,013;0,401;0,482
"só";0,188;0,416;0,622;0,847
"saber";0,959;0,831;0,001;0,002
"mundo";0,103;0,037;0;0,66
"história";0,033;0;0,739;0,012
"chegar";0,052;0,308;0,717;0,447
"levar";0,461;0,138;0,235;0,002
"encontrar";0,015;0,46;0,257;0,399
"acontecer";0,903;0,472;0,003;0,069
"achar";0,003;0;0,047;0,003
"momento";0,731;0,033;0,176;0,704
"deixar";0;0,089;0,96;0,035
"público";0,004;0,01;0,007;0
"afirmar";0,004;0,016;0,004;0,09
"precisar";0,837;0,042;0,518;0,031
"local";0;0,032;0,128;0,196
"mulher";0;0,345;0,018;0
"começar";0,211;0,213;0,002;0,005
"cidade";0,52;0,005;0;0,985
"viver";0,004;0,988;0,013;0,438
"projeto";0,755;0,012;0,728;0,024
"meio";0,578;0,035;0,006;0,944
"paulo";0,577;0,498;0,033;0,509
"possível";0,807;0,243;0,789;0,29
"melhor";0,032;0,062;0;0,597
"vir";0,021;0,168;0,001;0,087
"forma";0,005;0,02;0,217;0,064
"escola";0,001;0;0,919;0,038
"mostrar";0,217;0,005;0,479;0,545
"grupo";0,395;0,043;0,073;0,259
"existir";0,503;0,012;0,334;0,477
"bbc";0;0,03;0,082;0,001
"voltar";0,241;0,195;0,005;0,014
"caso";0,005;0,042;0,791;0,424
"próprio";0,415;0,817;0,438;0,196
"jornal";0,874;0,072;0,348;0,338
"governo";0,058;0,004;0,008;0
"sair";0;0,104;0,571;0,008
"rede";0,95;0,708;0,327;0,566
"pai";0;0,042;0,518;0,001
"maior";0,009;0,795;0,846;0,009
"último";0,339;0,852;0,48;0,08
"problema";0,005;0,734;0,401;0
"rio";0,96;0,246;0,002;0,118
"violência";0,31;0,093;0,003;0,033
"social";0,013;0;0,016;0,597
"globo";0,066;0;0,3;0,087
"receber";0,057;0,001;0,318;0,911
"g1";0,759;0,018;0;0
"exemplo";0,011;0,112;0,056;0,646
"criar";0,001;0,333;0,003;0,08
"trabalhar";0,962;0,037;0,621;0,139
"policial";0;0,005;0,002;0,118
"brasileiro";0,001;0,998;0;0,847
"acabar";0,577;0,074;0,394;0,079
"vítima";0;0,015;0,008;0
"entrar";0,006;0,043;0,07;0,566
"diferente";0,023;0,058;0,932;0,581
"carne";0;0,011;0,019;0
"arte";0,131;0,03;0,95;0,65
"sistema";0;0,006;0,011;0
"região";0,003;0,027;0,254;0,934
"mês";0,044;0,031;0,129;0,242
"seguir";0;0,127;0,597;0,001
"longo";0,017;0,609;0,916;0,038
"rua";0,025;0,029;0,432;0
"jovem";0;0,01;0,528;0,024
"criança";0;0,333;0,267;0,038
"questão";0,067;0;0,074;0,016
"mudar";0,002;0,542;0;0,357
"usar";0,002;0,866;0,983;0,003
"santo";0;0,06;0,312;0,002
"morrer";0;0,003;0,05;0,024
"direito";0,826;0,985;0,017;0,024
"crime";0;0,118;0,01;0,264
"segurança";0,477;0,074;0,004;0
"ponto";0,15;0,003;0,691;0,413
"política";0,001;0,006;0,048;0,005
"pequeno";0,017;0,429;0,731;0,004
"importante";0,011;0;0,209;0,615
"ideia";0,006;0,569;0,005;0,941
"ocorrer";0,005;0,645;0,096;0,309
"morto";0;0,013;0,006;0,013
"maneira";0,009;0;0,947;0,413
"lugar";0,003;0,029;0,876;0,364
"filme";0,432;0,362;0;0,001
"bloco";0;0,216;0,011;0
"blockchain";0;0,011;0,005;0
"nacional";0,031;0,012;0,096;0,166
"movimento";0,96;0,006;0,645;0,046
"lado";0,802;0,008;0,209;0,127
"homem";0;0,998;0,032;0,002
"área";0,15;0,015;0,691;0
"relação";0,023;0;0,042;0,634
"rcifrão";0,432;0,038;0,015;0
"cercar";0,065;0,018;0,084;0,086
"ataque";0;0,006;0,01;0,003
"apresentar";0,86;0,481;0,036;0,174
"único";0,023;0,216;0,297;0
"situação";0,982;0,642;0,235;0,528
"próximo";0,46;0,467;0,005;0,303
"porcento";0,001;0,115;0,161;0
"passado";0,443;0,293;0,178;0,189
"conhecer";0,276;0,236;0,015;0,937
"cinema";0,879;0,605;0,512;0,384
"time";0,131;0,97;0;0,15
"morte";0,065;0,584;0,209;0,758
"mercado";0,011;0,029;0,084;0,034
"tornar";0,079;0,428;0,039;0,489
"nome";0,34;0,561;0,241;0,143
"nada";0,353;0,189;0,405;0,622
"livro";0,481;0,182;0,333;0,006
"investigação";0,052;0,13;0,168;0,579
"fato";0,003;0,476;0,321;0,115
"entender";0,707;0,2;0,965;0,118
"sofrer";0,165;0,159;0,375;0,057
"partir";0,952;0,811;0,312;0,252
"ouvir";0,96;0,077;0,583;0,046
"civil";0;0,014;0,02;0,029
"centro";0,046;0,319;0,807;0,174
"viagem";0,504;0,012;0;0,007
"tomar";0,008;0,092;0,02;0,029
"programa";0,001;0,363;0,05;0,015
"político";0,121;0,123;0,183;0,176
"permitir";0,007;0,007;0,96;0
"noite";0;0,007;0,585;0,037
"menina";0;0,021;0,032;0
"futebol";0,009;0,013;0,001;0,012
"escrever";0,83;0,944;0,021;0,068
"bitcoin";0;0,007;0,011;0
"bairro";0;0,771;0,237;0,01
"avenida";0,507;0;0,779;0,002
"acreditar";0,826;0,625;0,063;0,024
"acordo";0,01;0,024;0,53;0,941
"vídeo";0,008;0,289;0,588;0,026
"terrorista";0;0,009;0,013;0,001
"serviço";0,084;0,014;0,02;0,015
"processo";0,005;0,007;0,726;0,896
"pensar";0,037;0,004;0,028;0,019
"parecer";0,507;0,011;0,183;0,648
"obra";0,042;0,289;0,348;0,748
"mãe";0,002;0,115;0,511;0,019
"imagem";0,346;0,553;0,353;0,218
"corpo";0,024;0,057;0,161;0,005
"considerar";0,037;0,2;0,013;0,26
"condição";0,068;0,236;0,11;0,566
"york";0,64;0,076;0;0,026
"verdade";0,007;0,194;0,035;0,841
"valer";0,507;0,012;0,069;0,176
"uso";0,079;0,033;0,013;0
"uscifrão";0,03;0,152;0,194;0,856
"psicopata";0,004;0;0,396;0,006
"produto";0,002;0,022;0,03;0
"preso";0;0,009;0,141;0,001
"federal";0,268;0,012;0,017;0
"diretor";0,879;0,605;0,105;0,089
"continuar";0,323;0,695;0,155;0,896
"amigo";0,017;0,016;0,001;0,002
"reforma";0,002;0,019;0,026;0
"realizar";0,776;0,838;0,405;0,234
"neto";0,633;0;0,013;0,004
"matar";0;0,363;0,073;0,002
"marca";0,712;0,588;0,952;0,42
"justiça";0;0,016;0,023;0,252
"jornalismo";0,007;0;0,194;0,463
"ganhar";0,005;0,695;0;0,21
"equipa";0,252;0,003;0,643;0,298
"capital";0,037;0,033;0,141;0,295
"ajudar";0,035;0,467;0,563;0,046
"vender";0,039;0,94;0,064;0,566
"tirar";0,084;0,673;0,717;0,09
"tecnologia";0,001;0,153;0,726;0
"prédio";0,012;0,025;0,728;0,781
"presidente";0,007;0,933;0,055;0,308
"perder";0,726;0,679;0,241;0,308
"morar";0,008;0,153;0,375;0,029
"milhão";0,008;0,019;0,089;0,001
"difícil";0,031;0,047;0,587;0,367
"certo";0,031;0;0,096;0,949
"casal";0;0,319;0,063;0,007
"cair";0,052;0,034;0,083;0,112
"ação";0,007;0,28;0,015;0,757
"autor";0,018;0,83;0,081;0,271
"alto";0,934;0,153;0,155;0,896
"época";0,043;0,025;0,406;0,432
"série";0,394;0,3;0,654;0,16
"quarto";0;0,153;0,208;0,029
"principal";0,642;0,597;0,349;0,08
"participar";0,092;0,047;0,089;0,13
"jogo";0,349;0,838;0,024;0,42
"francês";0,346;0,04;0,259;0,068
"entrevista";0,039;0,032;0,202;0,362
"birri";0,788;0,147;0,755;0,198
"procurar";0,494;0,149;0,27;0,303
"pedir";0,068;0,082;0,483;0,362
"pagar";0,092;0,07;0,27;0
"oferecer";0,46;0,07;0,986;0,019
"manter";0,092;0,07;0,089;0,062
"evento";0,016;0,481;0,44;0,012
"colocar";0,039;0,94;0,483;0,118
"chamar";0,792;0,368;0,563;0,303
"atentado";0;0,016;0,023;0,01
"artista";0,433;0,076;0;0,026
"antonio";0;0,272;0,349;0,005
"usado";0,642;0,272;0,034;0,001
"tv";0,061;0,443;0,236;0,115
"sul";0,324;0,811;0,023;0,457
"mínimo";0,024;0,016;0,083;0
"jogador";0,937;0,588;0,523;0,266
"início";0,336;0,541;0,406;0,781
"humano";0,973;0,001;0,034;0,196
"getúlio";0,545;0;0,03;0,004
"econômico";0,001;0,016;0,237;0
"droga";0,751;0,029;0,039;0
"discussão";0,104;0;0,052;0,856
"conhecido";0,714;0,236;0,015;0,16
"causa";0,021;0,94;0,899;0,017
"camus";0,417;0,147;0,334;0,198
"branco";0,021;0,111;0,03;0,057
"banco";0,001;0,771;0,237;0
"atual";0,144;0,967;0,034;0,001
"ambiente";0,05;0,238;0,728;0,213
"volta";0;0,022;0,307;0,362
"semana";0,216;0,246;0,001;0,626
"renata";0,911;0,808;0,236;0,262
"registrar";0,03;0,152;0,052;0,463
"produzir";0,002;0,204;0,27;0
"mão";0,247;0,019;0,096;0,019
"mudança";0,005;0,362;0,45;0
"lembrar";0,277;0,152;0,011;0,042
"isabella";0;0,029;0,039;0,006
"incluir";0,871;0,13;0,895;0,104
"esperar";0,973;0,597;0,044;0,196
"diverso";0,303;0,272;0,728;0,819
"dado";0,008;0,07;0,096;0
"carnaval";0,003;0;0,127;0,005
"velho";0;0,77;0,045;0,034
"unido";0,014;0,362;0,624;0,034
"trazer";0,004;0,871;0,333;0,051
"show";0,05;0,025;0;0,005
"preciso";0,014;0,272;0,009;0,213
"possibilidade";0,834;0,853;0,096;0,166
"pedido";0,014;0,034;0,895;0,605
"organizar";0,506;0,676;0,755;0,971
"olhar";0,642;0,02;0,728;0,196
"ocupação";0,021;0,082;0,03;0,285
"novela";0,004;0,871;0;0,006
"música";0,018;0,111;0;0,006
"internet";0,005;0,362;0,003;0,275
"guerra";0,374;0,362;0,168;0,275
"geral";0,133;0,224;0,913;0,724
"fossar";0,127;0,095;0,349;0,461
"explicar";0,224;0,454;0,039;0,894
"sentir";0,014;0,77;0,45;0,034
"sentido";0,104;0;0,511;0,14
"personagem";0,018;0;0,717;0,006
"perceber";0,572;0,83;0,699;0,271
"operação";0,064;0,029;0,146;0
"número";0,751;0,111;0,717;0,153
"norte";0;0,272;0,349;0,072
"minuto";0,003;0,034;0,266;0,034
"ministério";0,871;0,13;0,045;0,001
"medida";0,407;0,314;0,146;0,003
"junto";0,082;0,001;0,45;0,605
"itália";0,559;0,477;0,146;0,013
"informação";0,702;0,565;0,224;0,356
"imóvel";0,336;0,095;0,034;0
"gostar";0,349;0,838;0;0,033
"faixa";0,177;0,307;0,004;0,853
"evitar";0,642;0,08;0,034;0,461
"estudar";0,03;0,417;0;0,042
"espaço";0,559;0,477;0,146;0,013
"cultura";0,009;0;0,913;0,054
"cliente";0,025;0,111;0,396;0,894
"bater";0,157;0,362;0,083;0,034
"antigo";0,18;0,055;0,116;0,09
"andar";0,586;0,152;0,011;0,14
"advogado";0,003;0,477;0,146;0,231
"valor";0,104;0,152;0,194;0
"risco";0,336;0,025;0,034;0
"ratton";0,003;0,025;0,034;0
"população";0,064;0,314;0,039;0
"pegar";0,007;0,417;0,531;0,01
"nascer";0,133;0;0,58;0,054
"londres";0;0,034;0,168;0,008
"lei";0,491;0,13;0,168;0,001
"jornalista";0,442;0,002;0,126;0,521
"janeiro";0,17;0,209;0,021;0,59
"final";0,572;0,112;0,3;0,271
"discurso";0,066;0;0,745;0,02
"dificuldade";0,051;0,553;0,106;0,259
"descobrir";0,442;0,403;0,012;0,521
"comprar";0,039;0,178;0,44;0,008
"chamado";0,481;0,111;0,396;0,153
"carreira";0,025;0,341;0;0,033
"capacidade";0,03;0,095;0,531;0,856
"caminho";0,524;0,023;0,3;0,626
"belo";0,103;0,668;0,988;0,042
"baixo";0,133;0,948;0,44;0,356
"agente";0,589;0,095;0,052;0,463
"the";0,32;0,808;0,365;0,115
"tarde";0;0,362;0,168;0,112
"servidor";0,011;0,055;0,07;0
"saúde";0,491;0,034;0,045;0
"restaurante";0,008;0,076;0,348;0,748
"real";0,346;0,063;0,224;0,724
"previdência";0,015;0,065;0,081;0
"médico";0;0,04;0,052;0,355
"mineiro";0,007;0,152;0,194;0
"maílson";0,004;0,029;0,039;0
"ler";0,008;0,958;0,126;0,18
"italiano";0,025;0,089;0,405;0
"irmão";0,001;0,567;0,171;0,069
"identificar";0,03;0,417;0,052;0,856
"força";0,874;0,289;0,588;0,752
"especial";0,104;0,152;0,988;0,003
"dinheiro";0,018;0,111;0,029;0,051
"construir";0,005;0,77;0,895;0,007
"compromisso";0,005;0,007;0,045;0,03
"bunuel";0,094;0,042;0,108;0,033
"atuar";0,427;0,944;0,021;0,218
"atividade";0,225;0,034;0,045;0
"vizinho";0,016;0,481;0,224;0,431
"tributário";0,066;0,065;0,081;0
"transformar";0,346;0,481;0,001;0,174
"transação";0,007;0,04;0,052;0
"tentativa";0,702;0,948;0,224;0,135
"sonho";0,066;0,367;0,012;0,271
"sociedade";0,03;0,004;0,052;0,198
"seguro";0,83;0,944;0,259;0,259
"seguinte";0,112;0,197;0,138;0,42
"salário";0,279;0,04;0,194;0
"produção";0,112;0,838;0,108;0,001
"prisão";0;0,04;0,052;0,042
"pesquisa";0,098;0,808;0,365;0,262
"parar";0,702;0,063;0,58;0,431
"município";0,005;0,034;0,168;0
"medo";0;0,152;0,511;0,042
"março";0;0,04;0,194;0,01
"informar";0;0,838;0,108;0,033
"fundo";0,112;0,089;0,108;0
"funcionário";0,244;0,065;0,081;0,05
"frança";0,049;0,958;0,929;0,042
"famoso";0,776;0,089;0;0,033
"estrada";0;0,047;0,913;0,054
"crescimento";0,009;0,178;0,224;0
"comer";0,427;0,944;0,003;0,068
"acompanhar";0,03;0,417;0,194;0,71
"vista";0,17;0,163;0,353;0,521
"universidade";0,712;0,341;0,952;0,6
"terceiro";0,524;0,636;0,272;0,901
"taxa";0,039;0,047;0,06;0
"solução";0,019;0,076;0,348;0
"reunir";0,056;0,762;0,643;0,069
"proposta";0,019;0,076;0,588;0
"padrão";0,015;0,003;0,3;0,461
"oficial";0;0,105;0,471;0,042
"motivo";0,433;0,076;0,006;0,111
"livre";0,086;0,277;0,006;0,111
"lincoln";0;0,341;0,108;0,033
"lidar";0,349;0,838;0,476;0,6
"jogar";0,971;0,367;0,699;0,271
"garantir";0,702;0,178;0,06;0,001
"fundamental";0,275;0,012;0,093;0,752
"funcionar";0,275;0,076;0,348;0
"forte";0,461;0,565;0,58;0,431
"euro";0,025;0,089;0,405;0
"espécie";0,015;0,003;0,699;0,626
"comunidade";0,275;0,072;0,843;0,748
"claro";0,066;0,112;0,272;0,626
"campo";0,086;0,289;0,588;0,026
"cabeça";0,003;0,047;0,224;0,828
"avô";0;0,152;0,052;0,01
"aprender";0,025;0,042;0,024;0,141
"apontar";0,391;0,125;0,798;0,785
"aparecer";0,586;0,848;0,056;0,042
"alexandra";0;0,636;0,3;0,02
"acidente";0,059;0,307;0,755;0,198
"aberto";0,033;0,958;0,087;0,451
"utilizar";0,524;0,636;0,081;0,01
"trauma";0,007;0,944;0,259;0,068
"tender";0,275;0,072;0,2;0,111
"superior";0,112;0,089;0,108;0
"silva";0;0,341;0,405;0,033
"revelar";0,64;0,731;0,588;0,752
"resultado";0,332;0,176;0;0,384
"responder";0,524;0,065;0,001;0,626
"prefeito";0,011;0,055;0,07;0
"pessoal";0,64;0,277;0,2;0,111
"papel";0,346;0,013;0,58;0,431
"novembro";0,056;0,148;0,643;0,793
"nota";0,018;0,065;0,3;0,901
"moto";0;0,055;0,658;0,068
"moderno";0,043;0,001;0,55;0,644
"militar";0;0,065;0,081;0,271
"ligar";0,391;0,077;0,146;0,231
"futuro";0,011;0,163;0,07;0,004
"função";0,043;0,077;0,146;0,081
"especialista";0,332;0,176;0,201;0,001
"envolver";0,159;0,731;0,843;0,338
"década";0,086;0,072;0,2;0,338
"divulgar";0,572;0,246;0,3;0,177
"depender";0,015;0,83;0,07;0,461
"decidir";0,244;0,246;0,699;0,626
"cultural";0,17;0;0,07;0,521
"criação";0,64;0,289;0,348;0,026
"criatividade";0,019;0,289;0;0,026
"controlo";0,086;0,277;0,093;0,026
"conteúdo";0,056;0,148;0,002;0,605
"busca";0,971;0,636;0,3;0,177
"ator";0,019;0,076;0;0,026
"alegar";0;0,047;0,06;0,431
"índio";0,548;0,465;0,126;0,956
"virar";0,776;0,089;0,024;0,888
"up";0,019;0,076;0;0,026
"teatro";0,033;0,403;0;0,042
"sucesso";0,043;0,477;0;0,231
"stand";0,019;0,076;0;0,026
"servir";0,933;0,465;0,471;0,956
"sentar";0,307;0,197;0,405;0,141
"roberto";0,559;0;0,146;0,053
"recurso";0,086;0,289;0,093;0
"razão";0,025;0;0,952;0,42
"qualidade";0,033;0,403;0,471;0
"prêmio";0,056;0,04;0,178;0,298
"presente";0,086;0,001;0,843;0,338
"período";0,043;0,347;0,798;0,313
"permanecer";0,216;0,246;0,3;0,001
"papelão";0,033;0,105;0,126;0
"palavra";0,442;0,13;0,087;0,042
"operar";0,192;0,908;0,55;0,081
"negro";0;0,289;0,093;0,111
"manifestar";0,243;0,376;0,403;0,007
"loja";0,164;0,253;0,28;0,595
"legal";0,086;0,012;0,2;0,111
"imprensa";0,042;0,71;0,093;0,338
"hotel";0,021;0,676;0,755;0,089
"governador";0,011;0,055;0,07;0
"gosto";0,033;0,403;0;0,042
"frente";0,307;0,341;0,138;0,141
"foto";0,018;0,83;0,745;0,02
"estúdio";0,131;0;0,28;0,15
"entregar";0,077;0,065;0,012;0,02
"dor";0,018;0,065;0,272;0,087
"determinado";0,015;0,83;0,081;0
"defender";0,094;0,341;0,476;0,141
"dedicar";0,703;0,567;0,178;0,793
"dan";0,011;0,944;0;0,016
"correto";0,011;0;0,07;0,521
"correr";0,001;0,076;0,348;0,338
"conversar";0,874;0,277;0,348;0,748
"contrário";0,524;0,112;0,3;0,901
"construção";0,112;0,005;0,108;0,6
"começo";0,933;0,13;0,929;0,18
"carro";0;0,246;0,081;0,271
"carlos";0,712;0,089;0,476;0,6
"buscar";0,275;0,012;0,093;0,752
"bonito";0,275;0;0,348;0,026
"análise";0,703;0,239;0,643;0,793
"alimento";0,051;0,209;0,07;0
"verde";0,332;0,017;0,755;0,384
"vargas";0,776;0;0,108;0,033
"tocar";0,349;0,588;0,138;0,42
"stulbach";0,015;0,83;0;0,02
"sp";0,021;0,176;0,755;0,384
"setor";0,275;0,076;0,093;0
"rádio";0,019;0,731;0;0,111
"responsável";0,094;0,089;0,108;0,234
"reportagem";0,02;0,341;0,405;0,42
"relatar";0;0,246;0,3;0,02
"recente";0,879;0,176;0,755;0,103
"questionar";0,008;0,403;0,471;0,18
"professor";0,587;0,97;0,95;0,595
"peça";0,074;0,146;0,01;0,089
"pacto";0,524;0,065;0,081;0
"olho";0,018;0,065;0,272;0,087
"nível";0,442;0,403;0,126;0,004
"notícia";0,332;0,017;0,755;0,384
"museu";0,059;0,307;0,334;0,853
"lançar";0,015;0,246;0,012;0,177
"internacional";0,021;0,605;0,201;0,089
"ideal";0,441;0,808;0,365;0,824
"idade";0,712;0,197;0,108;0,888
"homicídio";0,874;0,076;0,093;0,004
"histórico";0,933;0,022;0,126;0,521
"habitante";0,015;0,246;0,3;0
"fóssil";0,025;0,089;0,108;0
"familiar";0,776;0,042;0,405;0,42
"falta";0,275;0,277;0,348;0,341
"exigir";0,712;0,838;0,405;0,6
"estudo";0,025;0;0,952;0,141
"estudante";0;0,076;0,093;0,338
"energia";0,025;0,341;0,476;0,012
"distrito";0,32;0,808;0,889;0,499
"discutir";0,146;0,002;0,126;0,956
"delegado";0,094;0,089;0,108;0,234
"custo";0,066;0,065;0,3;0
"curso";0,192;0,908;0,005;0,231
"conselho";0;0,246;0,081;0,087
"confirmar";0,159;0,076;0,843;0,752
"companhia";0,138;0,176;0,755;0,971
"clássico";0,177;0,147;0,755;0,853
"cenário";0,074;0,146;0,01;0,089
"central";0,112;0,341;0,002;0,888
"canal";0,788;0,307;0,755;0,36
"bruno";0;0,076;0,093;0,026
"broadcast";0,015;0,065;0,081;0
"autoridade";0,049;0,958;0,126;0,521
"aprovar";0,64;0,289;0,093;0,004
"alexandre";0;0,105;0,126;0,042
"zona";0,042;0,289;0,093;0,752
"utilização";0,349;0,341;0,108;0,001
"usuário";0,146;0,105;0,126;0
"turista";0,042;0,731;0,588;0,026
"tso";0;0,089;0,108;0,033
"trocar";0,199;0,105;0,471;0,451
"tratar";0,703;0;0,171;0,069
"televisão";0,349;0,838;0;0,033
"superar";0,442;0,13;0,471;0,956
"sala";0,911;0,21;0,003;0,115
"rússia";0,146;0,465;0,001;0,042
"russo";0,056;0,148;0;0,069
"respeito";0,112;0;0,405;0,42
"regra";0,019;0,076;0,043;0,026
"regime";0,001;0,076;0,093;0,748
"queda";0,021;0,176;0,755;0,384
"quantidade";0,033;0,958;0,126;0
"proteção";0,433;0,289;0,093;0,112
"prioridade";0,025;0;0,108;0,6
"plano";0,086;0,731;0,006;0,748
"pernambuco";0,043;0,477;0,146;0
"otto";0,001;0,105;0,471;0,18
"origem";0,252;0;0,171;0,298
"org";0,003;0,307;0,334;0,198
"observar";0,874;0,71;0,588;0,338
"objectivo";0,559;0,477;0,55;0,081
"necessário";0,391;0,125;0,146;0,081
"nardoni";0,003;0,477;0,55;0,053
"mídia";0,192;0;0,146;0,231
"mudo";0,033;0,13;0,368;0,956
"menino";0,003;0,125;0,798;0,053
"marido";0;0,105;0,471;0,042
"mariana";0,442;0,403;0,087;0,956
"manhattan";0;0,148;0,171;0,069
"mandar";0,307;0,089;0,002;0,033
"luta";0,003;0,341;0,108;0,42
"km";0,008;0,105;0,368;0,042
"joão";0,442;0,465;0,012;0,042
"investimento";0,019;0,076;0,093;0
"imaginar";0,199;0,465;0,471;0,18
"gênero";0,042;0,072;0,093;0,026
"graça";0,146;0,958;0,012;0,521
"geração";0,025;0,197;0,476;0,6
"gerar";0,019;0,289;0,348;0
"financeiro";0,025;0,341;0,405;0
"figura";0,098;0;0,889;0,115
"fechado";0,252;0,148;0,658;0,038
"fantasia";0,442;0;0,126;0,18
"experiência";0,177;0,831;0,004;0,198
"equipamento";0,442;0,105;0,471;0,004
"enfrentar";0;0,125;0,146;0,231
"empatia";0,252;0,567;0,002;0,298
"economia";0,025;0,838;0,108;0
"desenvolvimento";0,086;0,731;0,093;0
"crédito";0,056;0,148;0,171;0
"crescer";0,033;0,022;0,929;0,956
"condenar";0,001;0,289;0,093;0,338
"comunicado";0;0,477;0,146;0,053
"compra";0,043;0,477;0,798;0,013
"característica";0,025;0,197;0,108;0,012
"cara";0,112;0,341;0;0,141
"cantor";0,64;0,076;0;0,026
"cantar";0,098;0,443;0,003;0,115
"bridge";0;0,076;0,348;0,026
"bitcoins";0,025;0,089;0,108;0
"aumentar";0,442;0,105;0,126;0
"anunciar";0,199;0,958;0,126;0,956
"aluguel";0,025;0,089;0,405;0
"ajuda";0,712;0,089;0,138;0,888
"água";0,891;0,125;0,55;0,081
"violento";0,559;0,125;0,146;0,001
"vilarejo";0,146;0,403;0,471;0,004
"via";0,933;0,465;0,471;0,956
"veículo";0,008;0,105;0,126;0,956
"transporte";0,008;0,403;0,126;0,521
"tragédia";0,672;0,285;0,28;0,65
"texto";0,056;0,148;0;0,069
"testemunha";0;0,105;0,126;0,042
"tela";0,672;0,97;0,28;0,595
"século";0,033;0,002;0,929;0,521
"sábado";0;0,105;0,471;0,042
"subir";0,138;0,176;0,105;0,089
"sozinho";0,094;0,341;0,405;0,888
"seguida";0,008;0,403;0,471;0,18
"resolver";0,559;0,477;0,146;0,013
"repórter";0,788;0,307;0,755;0,36
"representar";0,442;0,13;0,471;0,956
"referência";0,056;0,003;0,658;0,298
"provocar";0,049;0,13;0,126;0,042
"programação";0,672;0,253;0,28;0,129
"processamento";0,033;0,105;0,126;0
"preparar";0,192;0,477;0;0,053
"preconceito";0,056;0;0,171;0,069
"porto";0,02;0,341;0,952;0,141
"popular";0,056;0,239;0,178;0,793
"plataforma";0,252;0,567;0,171;0,004
"pena";0,049;0,403;0,929;0,18
"parque";0,559;0,125;0;0,053
"ocupar";0,441;0,808;0,365;0,824
"normal";0,776;0,005;0,405;0,141
"morador";0,391;0,908;0,146;0,785
"metrô";0,001;0,403;0,471;0,042
"metro";0,007;0,148;0,171;0,793
"mecanismo";0,112;0,838;0,108;0,001
"massa";0,112;0,089;0,405;0
"manifestação";0,074;0;0,755;0,089
"london";0;0,089;0,108;0,033
"localizar";0,001;0,105;0,126;0,521
"lago";0,003;0,341;0,405;0,141
"lacovara";0,033;0,105;0,471;0
"impacto";0,776;0;0,108;0,141
"grave";0,001;0,403;0,126;0,18
"físico";0,199;0,403;0,126;0,451
"fácil";0,033;0,13;0,471;0,147
"festa";0,056;0;0,643;0,069
"fator";0,033;0,002;0,126;0,451
"estrangeiro";0,701;0,148;0,178;0,793
"estadual";0,712;0,089;0,108;0,012
"enorme";0,32;0,808;0,889;0,499
"enigma";0,033;0,105;0,126;0
"emoção";0,559;0,347;0,05;0,053
"elemento";0,056;0,239;0,171;0,038
"decisão";0,911;0,808;0,236;0,262
"david";0,001;0,567;0,171;0,069
"dano";0,001;0,148;0,171;0,298
"criativo";0,074;0,017;0,105;0,089
"contexto";0,043;0,01;0,146;0,313
"conceito";0,177;0;0,334;0,198
"chão";0,251;0,567;0,178;0,069
"certeza";0,703;0,762;0,178;0,298
"básico";0,192;0,125;0,146;0
"ato";0;0,125;0,146;0,053
"atingir";0,391;0,908;0,798;0,231
"atacar";0;0,403;0,126;0,042
"apoio";0,391;0,125;0,798;0,785
"aluno";0,056;0,567;0,024;0,605
"altitude";0;0,105;0,126;0,042
"aceitar";0,442;0,958;0,929;0,451
"ácido";0,043;0,125;0,146;0
"versão";0,192;0,477;0,798;0,081
"verdadeiro";0,559;0,347;0,55;0,785
"van";0;0,148;0,171;0,069
"trabalhador";0,146;0,13;0,126;0,147
"supermercado";0,001;0,148;0,171;0,298
"site";0,131;0,253;0,227;0,129
"significativo";0,033;0,13;0,126;0,032
"sexta_feira";0,021;0,176;0,201;0,971
"sambalanço";0,043;0,125;0;0,053
"roteiro";0,911;0,808;0,051;0,115
"reginaldo";0;0,105;0,471;0,042
"reduzir";0,033;0,105;0,126;0
"recuperar";0,199;0,13;0,126;0,18
"realidade";0,252;0,762;0,643;0,195
"putin";0,043;0,477;0;0,231
"psicológico";0;0,125;0,55;0,053
"proprietário";0,587;0,253;0,28;0,012
"princípio";0,703;0,148;0,658;0,195
"preço";0,043;0,908;0,798;0,081
"prever";0,933;0,105;0,471;0,032
"prevenção";0,332;0,176;0,201;0,001
"prestar";0,559;0,125;0,267;0,313
"preferir";0,138;0,176;0,512;0,384
"pedreira";0,043;0,125;0,146;0
"passagem";0;0,21;0,236;0,115
"participação";0,879;0,605;0,105;0,089
"paris";0,049;0,13;0,126;0,042
"palestra";0,879;0,176;0;0,089
"pagamento";0,442;0,105;0,126;0
"ouro";0,006;0,21;0,889;0,115
"necessidade";0,703;0,567;0,643;0,195
"médio";0,192;0,125;0,05;0,313
"moral";0,251;0,239;0,171;0,298
"montanha";0;0,477;0,146;0,053
"moeda";0,146;0,105;0,126;0
"menor";0,442;0,105;0,471;0,004
"market";0,002;0,676;0,201;0,089
"marcar";0,933;0,465;0,929;0,521
"manhã";0;0,477;0,146;0,053
"língua";0,177;0,307;0,112;0,36
"livros_razões";0,033;0,105;0,126;0
"livro_razão";0,043;0,125;0,146;0
"leh";0;0,105;0,126;0,042
"king";0;0,148;0,171;0,069
"jeito";0,442;0,403;0;0,042
"investir";0,056;0,148;0,171;0
"incrível";0,056;0,003;0,658;0,298
"hash";0,098;0,21;0,236;0
"ferido";0;0,105;0,126;0,042
"felício";0,033;0,105;0,126;0
"fallon";0,937;0,588;0,523;0,266
"facção";0,074;0,176;0,755;0,001
"expor";0,114;0,125;0,146;0,313
"eua";0,138;0,176;0,755;0,971
"esposo";0,001;0,403;0,471;0,042
"escolha";0,891;0,125;0,146;0,013
"erro";0,243;0,588;0,523;0,875
"encontro";0,138;0,676;0,512;0,089
"encaminhar";0,008;0,105;0,471;0,521
"el";0,701;0,04;0,643;0,069
"diário";0,003;0,477;0,146;0,231
"diálogo";0,788;0,831;0,334;0,36
"distribuir";0,043;0,125;0,146;0
"disputa";0,911;0,21;0,365;0,824
"digno";0,033;0,105;0,368;0,004
"digital";0,074;0,176;0,755;0,001
"dezembro";0,061;0,808;0,236;0,499
"devido";0,251;0,239;0,171;0,298
"delegacia";0;0,105;0,126;0,042
"cérebro";0,703;0,003;0,643;0,069
"conjunto";0,252;0,567;0,658;0,195
"conhecimento";0,114;0,347;0,55;0,053
"comida";0,933;0,958;0,471;0,451
"cobrir";0,891;0,477;0,146;0,081
"cabeçalho";0,131;0,253;0,28;0
"burger";0,001;0,148;0,643;0,069
"britânico";0,021;0,477;0,55;0,231
"bar";0,138;0,176;0,105;0,089
"audiência";0,506;0,017;0,201;0,089
"atração";0,587;0,97;0,019;0,15
"atitude";0,879;0,017;0,201;0,384
"assunto";0,391;0,347;0,55;0,231
"apresentação";0,131;0,253;0;0,15
"apartamento";0,251;0,567;0,658;0,298
"americano";0,114;0,477;0,798;0,231
"adotar";0,252;0,239;0,171;0,195
"abrir";0,056;0,148;0,002;0,605
"warmbier";0;0,176;0,201;0,089
"visitar";0,021;0,477;0,798;0,053
"vila";0,007;0,148;0,658;0,069
"técnico";0,243;0,588;0,403;0,153
"técnica";0,672;0,97;0,95;0,65
"trajetória";0,056;0;0,643;0,298
"tradicional";0,252;0,239;0,178;0,298
"total";0,252;0,148;0,024;0,605
"teto";0,056;0,148;0,171;0,605
"tema";0,056;0,003;0,643;0,793
"rodar";0,701;0,148;0,658;0,605
"reunião";0,672;0,97;0,227;0,15
"retirar";0,003;0,477;0,146;0,231
"ressaltar";0,891;0,477;0,146;0,081
"repetir";0,056;0;0,171;0,793
"reintegração";0;0,125;0,146;0,053
"reino";0;0,148;0,171;0,069
"registro";0,879;0,176;0,201;0,014
"redução";0,192;0,125;0,146;0
"quilômetro";0,879;0,676;0,755;0,426
"quadro";0,879;0,676;0,201;0,103
"psicopatia";0,098;0;0,889;0,115
"prova";0,056;0,148;0,643;0
"propor";0,879;0,676;0,201;0,103
"produtividade";0,074;0,176;0,201;0
"privado";0,441;0,21;0,236;0,003
"preparação";0,332;0,017;0,201;0,971
"prazo";0,252;0,148;0,643;0,004
"posto";0,098;0,21;0,365;0,043
"posse";0;0,125;0,146;0,231
"porta";0,138;0,176;0,105;0,089
"ponte";0;0,148;0,171;0,069
"partida";0,937;0,588;0,403;0,875
"oportunidade";0,074;0,605;0,755;0,103
"oliveira";0,021;0,176;0,512;0,089
"natural";0,911;0,443;0,236;0,824
"méxico";0,021;0,908;0,146;0,231
"mineração";0,043;0,125;0,55;0
"milhar";0,559;0,908;0,55;0,313
"mensal";0,043;0,125;0,146;0
"malandro";0,911;0,005;0,236;0,115
"maio";0,891;0,347;0,267;0,053
"legítimo";0,01;0,376;0,403;0,266
"jatobá";0;0,148;0,171;0,069
"investigar";0,021;0,347;0,146;0,053
"interior";0;0,176;0,201;0,089
"interessante";0,131;0,001;0,95;0,15
"instrumento";0,177;0,147;0,334;0,36
"instituição";0,043;0,908;0,146;0,001
"iniciar";0,506;0,176;0,755;0,426
"ingrediente";0,056;0,148;0,171;0
"independente";0,074;0,605;0,201;0,014
"incidente";0;0,125;0,146;0,053
"império";0,043;0;0,798;0,053
"impossível";0,703;0,567;0,643;0,195
"hospital";0;0,125;0,146;0,053
"horário";0,164;0,285;0,28;0,15
"guarda";0,007;0,148;0,658;0,069
"gritar";0;0,148;0,171;0,069
"gratuito";0,441;0,443;0,889;0,824
"fé";0,243;0,588;0,403;0,153
"fugir";0,251;0,567;0,178;0,069
"formação";0,056;0,567;0,178;0,195
"feliz";0,074;0,017;0,105;0,089
"fama";0,043;0,125;0;0,053
"falha";0,332;0,176;0,201;0,001
"executivo";0,332;0,605;0,755;0,426
"europeu";0,131;0,285;0,28;0,129
"estrutura";0,506;0,676;0,512;0,384
"estratégia";0,672;0,253;0,28;0,129
"esperança";0,559;0,908;0,05;0,231
"enviar";0,703;0,567;0,643;0,195
"eliminar";0,043;0,908;0,55;0,013
"elenco";0,243;0,376;0;0,266
"desenvolver";0,332;0,176;0,755;0,014
"deputado";0,251;0,148;0,171;0,195
"departamento";0,911;0,808;0,889;0,824
"definir";0,243;0,376;0,403;0,007
"convencer";0,891;0,908;0,146;0,313
"conter";0,074;0,676;0,201;0,001
"consumidor";0,911;0,21;0,236;0,043
"conflito";0,056;0,239;0,643;0,195
"compreender";0,192;0,001;0,146;0,644
"chirikova";0,391;0,477;0,798;0,644
"cheio";0,506;0,176;0,105;0,384
"chave";0,703;0,762;0,643;0,605
"causar";0,007;0,148;0,643;0,298
"capaz";0,043;0,477;0,55;0,001
"camada";0,043;0,908;0,55;0,013
"brasília";0,003;0,307;0,334;0,198
"bossa";0,098;0,21;0;0,115
"bomba";0,021;0,125;0,55;0,644
"beleza";0,891;0,001;0,146;0,053
"base";0,703;0,148;0,171;0,004
"assumir";0,417;0,307;0,334;0,36
"ascórbico";0,056;0,148;0,171;0
"ar";0,559;0,477;0;0,053
"apropriação";0,056;0;0,171;0,069
"aplicativo";0,506;0,176;0,755;0,426
"analisar";0,177;0,831;0,112;0,853
"amplo";0,441;0,21;0,236;0,003
"amar";0;0,176;0,201;0,089
"alegre";0,003;0,125;0,55;0,231
"voz";0,672;0,97;0,227;0,15
"vontade";0,056;0,239;0,002;0,069
"unidade";0,701;0,567;0,171;0,195
"título";0,788;0,307;0,112;0,853
"tráfico";0,879;0,176;0,201;0,014
"tlp";0,074;0,176;0,201;0
"terreno";0,252;0,148;0,643;0,004
"terra";0,879;0,176;0;0,089
"termo";0,911;0,21;0,365;0,824
"terminar";0,059;0,831;0,334;0,198
"suspeito";0,001;0,567;0,171;0,069
"suspeita";0;0,148;0,171;0,069
"suficiente";0,074;0,605;0,201;0,014
"substituir";0,177;0,831;0,334;0,044
"som";0,098;0,808;0;0,115
"sobreviver";0,007;0,567;0,643;0,069
"significar";0,074;0,676;0,755;0,014
"segunda_feira";0,006;0,21;0,236;0,499
"saída";0,061;0,808;0,889;0,115
"sambar";0,177;0,007;0,755;0,198
"revolução";0,074;0,146;0,201;0,103
"resposta";0,441;0,443;0,889;0,824
"reserva";0,003;0,307;0,334;0,198
"renda";0,056;0,567;0,171;0
"racial";0,002;0,676;0,201;0,089
"pé";0,332;0,146;0,512;0,384
"publicar";0,059;0,307;0,755;0,198
"pressão";0,587;0,001;0,28;0,15
"presa";0,251;0,148;0,658;0,793
"passo";0,252;0,762;0,643;0,195
"ouvido";0,061;0,808;0,236;0,499
"original";0,131;0,253;0,95;0,012
"organização";0,441;0,808;0,889;0,262
"ordem";0,006;0,21;0,236;0,499
"opinião";0,332;0,001;0,201;0,384
"negar";0,056;0,567;0,643;0,298
"metade";0,332;0,676;0,755;0,103
"mercadoria";0,131;0,97;0,227;0,595
"melhorar";0,098;0,076;0,889;0,824
"marinho";0,074;0;0,201;0,384
"marco";0,332;0,176;0,01;0,971
"machista";0,911;0,076;0,889;0,115
"lutar";0,879;0,001;0,201;0,089
"limite";0,788;0,307;0,334;0,044
"lamentar";0,002;0,176;0,755;0,089
"junho";0,506;0,676;0,755;0,971
"josé";0,252;0,762;0,171;0,038
"jornada";0,138;0,676;0,512;0,089
"inglês";0,587;0,253;0,019;0,65
"influenciar";0,32;0,443;0,236;0,499
"impedir";0,879;0,676;0,201;0,103
"humor";0,098;0,076;0,051;0,115
"greve";0,002;0,676;0,201;0,089
"grau";0,879;0,176;0,105;0,971
"frio";0,056;0,762;0,643;0,069
"formato";0,177;0,307;0;0,198
"fiscal";0,056;0,148;0,171;0
"filósofo";0,138;0,676;0,201;0,971
"ferida";0;0,148;0,171;0,069
"fechar";0,911;0,443;0,236;0,824
"extinção";0,074;0,176;0,201;0
"estátua";0,021;0,176;0,512;0,089
"estação";0,002;0,176;0,201;0,384
"esporte";0,243;0,588;0,523;0,875
"espetáculo";0,098;0,808;0;0,115
"espectador";0,417;0,831;0,755;0,198
"escolher";0,252;0,762;0,658;0,605
"envolvido";0,911;0,21;0,236;0,043
"eletrônico";0,937;0,376;0,403;0,153
"efeito";0,506;0,676;0,755;0,971
"dúvida";0,131;0,001;0,28;0,65
"débora";0;0,148;0,171;0,069
"documento";0,441;0,21;0,889;0,043
"divertir";0,098;0,076;0,051;0,115
"disputar";0,138;0,176;0,512;0,384
"direção";0;0,21;0,236;0,115
"diminuir";0,332;0,676;0,201;0,014
"descartar";0,001;0,567;0,171;0,069
"demonstrar";0,185;0,376;0,403;0,875
"democrático";0,587;0,97;0,95;0,595
"defesa";0,002;0,176;0,201;0,384
"debate";0,441;0,005;0,889;0,115
"costumar";0,417;0,307;0,334;0,36
"costa";0,441;0,21;0,889;0,043
"cortar";0,138;0,676;0,755;0,384
"conversa";0,006;0,21;0,889;0,115
"contrato";0,098;0,21;0,236;0
"concluir";0,441;0,443;0,236;0,262
"comum";0,332;0,176;0,755;0,014
"comprovar";0,252;0,762;0,171;0,038
"complicado";0,098;0,21;0,051;0,262
"completo";0,061;0,21;0,889;0,499
"compartilhar";0,251;0,762;0,643;0,298
"comemorar";0,417;0,147;0,334;0,198
"citar";0,074;0,605;0,755;0,103
"cientista";0,098;0,443;0,236;0,043
"china";0,001;0,567;0,171;0,069
"cena";0,061;0,808;0,889;0,115
"categoria";0,332;0,176;0,201;0,001
"campanha";0,098;0,808;0,236;0,003
"autêntico";0,177;0;0,334;0,198
"atuação";0,074;0,676;0,201;0,001
"atenção";0,074;0,176;0;0,971
"atendimento";0,138;0,176;0,201;0,426
"assembleia";0,332;0,176;0,201;0,001
"assassino";0,177;0;0,334;0,198
"aproveitar";0,32;0,21;0,051;0,115
"aposentadoria";0,056;0,148;0,171;0
"ambiental";0,703;0,567;0,024;0,298
"agência";0,164;0,97;0,28;0,65
"adquirir";0,098;0,21;0,365;0,043
"adorar";0,098;0,076;0,051;0,115
"acre";0;0,21;0,236;0,115
"ônibus";0;0,21;0,236;0,115
"órgão";0,138;0,676;0,755;0,384
"visita";0,441;0,21;0;0,115
"viajar";0,332;0,176;0;0,384
"urbano";0,243;0,376;0,034;0,875
"união";0,879;0,176;0,512;0,426
"tutelar";0;0,176;0,201;0,089
"triste";0;0,21;0,236;0,115
"tribunal";0,021;0,176;0,201;0,971
"tiro";0;0,21;0,236;0,115
"tio";0;0,176;0,201;0,089
"tensão";0,672;0,03;0,28;0,15
"tendência";0,131;0,253;0,28;0
"temporada";0,164;0,253;0,227;0,15
"tamanho";0,098;0,808;0,236;0,003
"surpresa";0,587;0,03;0,95;0,15
"subsídio";0,131;0,253;0,28;0
"startups";0,074;0,176;0,755;0,001
"sinal";0,243;0,588;0,403;0,153
"senhor";0,131;0,285;0,28;0,129
"sede";0,911;0,21;0,889;0,262
"sapato";0,098;0,076;0,365;0,499
"ruim";0,074;0,176;0;0,384
"roupa";0,441;0,076;0,889;0,499
"roubar";0,021;0,676;0,201;0,384
"rir";0,098;0,21;0;0,115
"resto";0,879;0,176;0,105;0,971
"reconhecer";0,131;0,285;0,95;0,595
"racista";0,672;0,03;0,28;0,15
"quinta_feira";0,006;0,21;0,236;0,499
"prático";0,788;0,307;0,334;0,044
"promover";0,587;0,285;0,28;0,595
"prisional";0,074;0,176;0,201;0
"preto";0,006;0,808;0,236;0,115
"pretender";0,332;0,676;0,105;0,971
"preocupação";0,021;0,176;0,201;0,971
"potencial";0,098;0,808;0,365;0,262
"policiamento";0,332;0,176;0,201;0,001
"pobre";0,32;0,21;0,236;0,262
"piada";0,074;0,676;0;0,089
"pf";0,074;0,176;0,201;0
"pescoço";0;0,21;0,236;0,115
"perdido";0,018;0,253;0,95;0,15
"perda";0,32;0,21;0,889;0,824
"percorrer";0,074;0,176;0;0,971
"paisagem";0,506;0,676;0,105;0,089
"ong";0,061;0,443;0,236;0,115
"of";0,059;0,307;0,755;0,198
"ocorrência";0,002;0,176;0,201;0,384
"obrigar";0,332;0,676;0,512;0,426
"nodar";0,074;0,176;0,201;0
"mágico";0,131;0,001;0,95;0,15
"musical";0,074;0,146;0,01;0,089
"municipal";0,177;0,307;0,755;0,044
"moscou";0,587;0,03;0,95;0,15
"moradia";0,098;0,21;0,236;0
"modo";0,074;0,176;0,512;0,014
"modesto";0;0,176;0,201;0,089
"misturar";0,074;0,017;0,105;0,089
"mensagem";0,911;0,21;0,003;0,115
"memória";0,417;0,831;0,755;0,198
"mediação";0,441;0,808;0,236;0,043
"mau";0,417;0,307;0,755;0,853
"maria";0,879;0,605;0,105;0,089
"mar";0,672;0,97;0,28;0,595
"madrugada";0;0,176;0,201;0,089
"luiz";0,879;0,176;0,201;0,014
"linguagem";0,177;0,831;0,334;0,044
"leste";0,672;0,285;0,95;0,15
"leitor";0,131;0,03;0,227;0,15
"julho";0,018;0,253;0,28;0,65
"jersey";0,417;0,307;0,334;0,36
"itapetininga";0;0,21;0,236;0,115
"islâmico";0;0,21;0,236;0,115
"interno";0,441;0,21;0,236;0,003
"intenção";0,138;0,676;0,755;0,384
"intelectual";0,131;0;0,28;0,15
"integrar";0,788;0,147;0,334;0,853
"iniciativa";0,098;0,21;0,236;0
"indústria";0,074;0,146;0,755;0,426
"incentivo";0,074;0,676;0,201;0,001
"ilegal";0,138;0,176;0,201;0,426
"gravar";0,441;0,808;0,003;0,115
"gasto";0,098;0,21;0,236;0
"frango";0,131;0,97;0,28;0,012
"fevereiro";0,587;0,253;0,227;0,595
"favela";0;0,176;0,201;0,089
"fase";0,417;0,831;0,755;0,198
"explorar";0,417;0,307;0,112;0,198
"etapa";0,131;0,253;0,227;0,129
"estética";0,243;0,049;0,523;0,266
"estabelecer";0,177;0,831;0,334;0,044
"esquecer";0,506;0,676;0,105;0,089
"espanha";0,061;0,808;0,889;0,115
"esfaquear";0;0,21;0,236;0,115
"escondido";0,018;0,253;0,95;0,15
"equilíbrio";0,074;0,605;0,755;0,103
"epi";0,098;0,21;0,236;0
"entusiasmo";0,098;0,21;0,236;0
"entrada";0,138;0,676;0,755;0,384
"educação";0,587;0,253;0,95;0,129
"domingo";0;0,21;0,236;0,115
"diversão";0,074;0;0,755;0,089
"destacar";0,506;0,605;0,755;0,384
"desfilar";0,332;0,001;0,755;0,089
"declarar";0;0,21;0,236;0,115
"curtir";0,098;0,21;0;0,115
"crise";0,332;0,176;0,201;0,001
"coragem";0,018;0,97;0,28;0,15
"convidar";0,131;0,253;0;0,15
"convidado";0,417;0,831;0,334;0,853
"continuidade";0,074;0,676;0,201;0,001
"contido";0,506;0,176;0,201;0,103
"conquistar";0,911;0,076;0,889;0,115
"compositor";0,098;0,21;0;0,115
"complexo";0,672;0,253;0,28;0,129
"complementar";0,441;0,21;0,236;0,003
"combater";0,441;0,808;0,889;0,262
"comandar";0,131;0,97;0;0,15
"colega";0,672;0,97;0,28;0,595
"circunstância";0,074;0;0,201;0,384
"chefe";0,32;0,808;0,889;0,499
"cemitério";0,006;0,21;0,236;0,499
"cadeia";0,002;0,176;0,201;0,384
"bruxelas";0;0,176;0,201;0,089
"brf";0,074;0,176;0,201;0
"borges";0;0,176;0,201;0,089
"bolsa";0,074;0,176;0,01;0,426
"belga";0,002;0,176;0,755;0,089
"bateria";0,131;0;0,28;0,15
"basear";0,332;0,176;0,201;0,001
"avaliação";0,788;0,307;0,334;0,044
"autorização";0,911;0,21;0,236;0,043
"aumento";0,131;0,253;0,28;0
"atrair";0,074;0,676;0,201;0,001
"atender";0,061;0,808;0,236;0,499
"associar";0,879;0,605;0,201;0,426
"assistir";0,018;0,253;0,95;0,15
"argentino";0,185;0,588;0,403;0,266
"alíquota";0,131;0,253;0,28;0
"alternativo";0,131;0,253;0,95;0,012
"alice";0,074;0,176;0,201;0
"alerta";0,018;0,253;0,95;0,15
"agressão";0,018;0,253;0,28;0,65
"agredir";0,002;0,176;0,201;0,384
"agir";0,164;0,97;0,28;0,65
"agenda";0,098;0,21;0,051;0,262
"aeroporto";0;0,176;0,201;0,089
"administração";0,879;0,176;0,512;0,426
"acrescentar";0,074;0,176;0,201;0
"acolhimento";0,32;0,21;0,365;0,499
"acolher";0,441;0,443;0,889;0,824
"acesso";0,003;0,307;0,334;0,198
"absurdo";0,911;0,443;0,365;0,115
"abrigo";0;0,176;0,201;0,089
"willie";0,001;0,253;0,28;0,15
"votação";0,177;0,307;0,334;0,002
"vivo";0,164;0,97;0,95;0,15
"viajante";0,587;0,97;0,227;0,65
"vermelho";0,059;0,831;0,334;0,198
"verificar";0,061;0,21;0,236;0,824
"típico";0,788;0,147;0,755;0,198
"turístico";0,788;0,307;0,004;0,198
"trecho";0,164;0,97;0,28;0,65
"transferir";0,061;0,21;0,236;0,824
"terça";0,164;0,97;0,28;0,65
"temporário";0,417;0,307;0,334;0,36
"temer";0,441;0,21;0,236;0,003
"tarefa";0,911;0,21;0,236;0,043
"símbolo";0,131;0,001;0,95;0,15
"sério";0,788;0,147;0,755;0,198
"sustentar";0,441;0,21;0,236;0,003
"surpreender";0,131;0,001;0,95;0,15
"surgir";0,587;0,285;0,227;0,15
"suicidar";0,006;0,21;0,889;0,115
"sugerir";0,441;0,808;0,051;0,499
"substância";0,098;0,21;0,236;0
"sonhar";0,587;0,253;0,227;0,595
"solucionar";0,098;0,21;0,236;0
"soares";0,788;0,307;0,112;0,853
"sexual";0,587;0,001;0,28;0,15
"sequência";0,131;0,253;0,019;0,595
"salsicha";0,098;0,808;0,236;0,003
"rural";0,243;0,588;0,403;0,153
"rota";0,164;0,97;0,95;0,15
"rosto";0,059;0,831;0,334;0,198
"roda";0,32;0,21;0,051;0,115
"riso";0,587;0,253;0;0,15
"rico";0,672;0,97;0,95;0,65
"retorno";0,587;0,253;0,227;0,595
"respeitar";0,672;0,253;0,95;0,595
"residência";0,911;0,21;0,236;0,043
"relembrar";0,061;0,21;0,365;0,115
"reação";0,937;0,049;0,403;0,266
"rafaela";0,018;0,253;0,95;0,15
"querido";0,164;0,97;0,95;0,15
"quadra";0,243;0,049;0,403;0,875
"pt";0,788;0,831;0,755;0,853
"provar";0,587;0,253;0,95;0,129
"proteína";0,243;0,376;0,403;0,007
"propriedade";0,177;0,307;0,755;0,044
"profundo";0,911;0,443;0,236;0,824
"profissão";0,131;0,285;0,95;0,595
"primo";0,003;0,307;0,334;0,198
"presença";0,131;0,253;0,28;0
"prejudicar";0,131;0,253;0,227;0,129
"prazer";0,911;0,808;0,051;0,115
"posição";0,018;0,97;0,28;0,15
"plástico";0,185;0,376;0,403;0,875
"pleno";0,911;0,076;0,236;0,499
"plateia";0,177;0,307;0;0,198
"pior";0,098;0,005;0,236;0,824
"peso";0,587;0,253;0,227;0,595
"pertencer";0,001;0,253;0,28;0,15
"perspectiva";0,788;0,307;0,112;0,853
"perigoso";0,177;0,007;0,755;0,198
"perguntar";0;0,21;0,236;0,115
"pedro";0,911;0,21;0,236;0,043
"pedra";0,164;0,97;0,28;0,65
"pedestre";0;0,21;0,236;0,115
"paz";0,672;0,285;0,95;0,15
"partido";0,788;0,831;0,334;0,36
"park";0,417;0,307;0,112;0,198
"parede";0,001;0,253;0,28;0,15
"parecido";0,911;0,808;0,889;0,824
"painel";0,185;0,588;0,403;0,266
"orientação";0,937;0,588;0,523;0,266
"opção";0,587;0,253;0,95;0,129
"optar";0,911;0,808;0,889;0,824
"onda";0,441;0,21;0,003;0,499
"ocupado";0,672;0,253;0,95;0,595
"obter";0,098;0,808;0,365;0,262
"negócio";0,098;0,808;0,365;0,262
"natal";0,059;0,307;0,755;0,198
"nascimento";0,177;0,007;0,334;0,853
"nakamoto";0,098;0,21;0,236;0
"máximo";0,672;0,253;0,95;0,595
"mr";0,131;0,285;0,019;0,15
"mito";0,177;0,007;0,755;0,198
"membro";0,672;0,97;0,28;0,595
"marcha";0,587;0,001;0,28;0,15
"maravilhoso";0,059;0,831;0,334;0,198
"luis";0,185;0,376;0,523;0,266
"juventude";0,185;0,588;0,403;0,266
"juiz";0,006;0,21;0,236;0,499
"jbs";0,131;0,253;0,28;0
"invadir";0,417;0,307;0,755;0,853
"interpretação";0,131;0,03;0,28;0,595
"interpretar";0,441;0,443;0,051;0,115
"interesse";0,937;0,588;0,403;0,875
"inteiro";0,177;0,307;0,755;0,044
"instituto";0,185;0,376;0,403;0,875
"inss";0,131;0,253;0,28;0
"inovação";0,131;0,97;0,227;0,595
"inocente";0,059;0,831;0,334;0,198
"infância";0,164;0,285;0,28;0,15
"indiano";0;0,21;0,236;0,115
"indenização";0,003;0,307;0,334;0,198
"incorporar";0,098;0,808;0,236;0,003
"imposto";0,098;0,21;0,236;0
"ideologia";0,131;0,285;0,28;0,129
"icms";0,131;0,253;0,28;0
"hipótese";0,164;0,253;0,28;0,595
"herói";0,243;0,049;0,523;0,266
"gestão";0,131;0,97;0,95;0,129
"garoto";0,32;0,443;0,889;0,115
"fã";0,911;0,808;0,051;0,115
"frequência";0,788;0,307;0,334;0,044
"forçar";0,003;0,307;0,334;0,198
"formar";0,32;0,21;0,889;0,824
"fila";0,788;0,307;0,112;0,853
"federação";0,788;0,307;0,334;0,044
"fast_food";0,061;0,21;0,365;0,115
"faca";0;0,21;0,236;0,115
"exército";0,061;0,808;0,236;0,499
"extremo";0,185;0,588;0,403;0,266
"exterior";0,441;0,21;0;0,115
"expressão";0,937;0,588;0,403;0,875
"explosão";0,061;0,808;0,236;0,499
"exercer";0,185;0,588;0,403;0,266
"ethereum";0,177;0,307;0,334;0,002
"etc";0,587;0,253;0,227;0,595
"esquerdo";0,177;0,307;0,334;0,002
"específico";0,098;0,443;0,236;0,043
"especializado";0,937;0,376;0,403;0,153
"espancar";0;0,21;0,236;0,115
"espalhar";0,587;0,97;0,95;0,595
"esforço";0,098;0,808;0,889;0,043
"esconder";0,061;0,808;0,236;0,499
"escapar";0,131;0,97;0,28;0,012
"errado";0,098;0,005;0,236;0,824
"entrevistar";0,672;0,97;0,227;0,15
"engenheiro";0,098;0,21;0,236;0
"emprego";0,098;0,808;0,889;0,043
"embutido";0,098;0,443;0,236;0,043
"edifício";0,006;0,21;0,236;0,499
"drama";0,006;0,21;0,889;0,115
"dormir";0,006;0,808;0,236;0,115
"dono";0,937;0,376;0,403;0,153
"disponível";0,098;0,808;0,051;0,824
"direto";0,911;0,808;0,051;0,115
"dinossauro";0,131;0,253;0,95;0,012
"diferença";0,672;0,253;0,95;0,595
"deus";0,131;0,285;0,019;0,15
"determinar";0;0,21;0,236;0,115
"destino";0,441;0,808;0,051;0,499
"desocupação";0,006;0,21;0,236;0,499
"depoimento";0,001;0,253;0,28;0,15
"data";0,061;0,21;0,889;0,499
"custar";0,018;0,253;0,28;0,65
"cumprimento";0,061;0,21;0,889;0,499
"criticar";0,131;0,285;0,95;0,595
"criminoso";0,32;0,21;0,236;0,262
"criminal";0,911;0,808;0,889;0,824
"cotidiano";0,417;0,307;0,755;0,853
"coração";0,164;0,97;0,95;0,15
"copa";0,243;0,376;0,034;0,875
"contato";0,937;0,376;0,034;0,266
"consumo";0,098;0,808;0,889;0,043
"consumir";0,587;0,253;0,28;0,012
"constante";0,177;0,147;0,334;0,36
"consequência";0,441;0,076;0,889;0,499
"confiança";0,131;0,285;0,95;0,595
"conferir";0,788;0,307;0,755;0,36
"conduzir";0,587;0,285;0,28;0,595
"concepção";0,177;0,147;0,334;0,36
"comparação";0,243;0,001;0,403;0,266
"cobrar";0,417;0,831;0,334;0,853
"classe";0,587;0,285;0,28;0,595
"ciência";0,788;0,147;0,755;0,198
"circulação";0,587;0,253;0,28;0,012
"ciclo";0,243;0,376;0,523;0,153
"chorar";0,006;0,21;0,889;0,115
"choque";0,788;0,831;0,755;0,853
"cerebral";0,587;0,03;0,95;0,15
"carteira";0,131;0,253;0,95;0,012
"brooklyn";0,937;0,376;0,034;0,266
"bndes";0,131;0,253;0,28;0
"bloqueio";0,185;0,376;0,523;0,266
"blockchains";0,098;0,443;0,236;0,043
"bastar";0,131;0,97;0,95;0,129
"baseado";0,131;0,253;0,95;0,012
"barraco";0,006;0,21;0,236;0,499
"auxiliar";0,911;0,21;0,003;0,115
"atropelar";0;0,21;0,236;0,115
"ativista";0,098;0,808;0,003;0,499
"atendente";0;0,21;0,236;0,115
"assassinato";0,911;0,808;0,236;0,262
"apurar";0,001;0,253;0,28;0,15
"anterior";0,131;0,253;0,95;0,012
"angelique";0,061;0,21;0,365;0,115
"amor";0,177;0,307;0;0,198
"alvo";0,937;0,376;0,523;0,875
"alugar";0,061;0,21;0,236;0,824
"alternativa";0,098;0,21;0,889;0,003
"alimentar";0,018;0,253;0,95;0,15
"acusar";0,006;0,808;0,236;0,115
"abandonar";0,441;0,21;0,003;0,499
"abandonado";0,587;0,97;0,28;0,129
"ótimo";0,131;0,253;0;0,15
"volume";0,177;0,147;0,755;0,853
"visitante";0,131;0,97;0,019;0,65
"venda";0,131;0,253;0,95;0,012
"un";0,417;0,147;0,334;0,198
"túnel";0,001;0,253;0,28;0,15
"tributação";0,131;0,253;0,28;0
"tranquilo";0,587;0,253;0,28;0,012
"teste";0,417;0,307;0,112;0,198
"tesouro";0,177;0,831;0,334;0,044
"terça_feira";0,018;0,253;0,28;0,65
"terrorismo";0,01;0,376;0,403;0,266
"território";0,131;0,253;0,95;0,012
"sócrates";0,131;0,03;0,227;0,15
"supremo";0,164;0,253;0,28;0,595
"state";0,243;0,376;0;0,266
"sofrimento";0,672;0,97;0,28;0,595
"sobreiro";0,001;0,253;0,28;0,15
"singularity";0,177;0,307;0;0,198
"setembro";0,177;0,307;0,112;0,36
"sensação";0,672;0,97;0,227;0,15
"secretaria";0,243;0,376;0,403;0,007
"saudade";0,788;0,831;0,112;0,198
"salão";0,131;0,97;0;0,15
"sabiá";0,131;0,253;0;0,15
"rs";0,788;0,307;0,334;0,044
"ritmo";0,131;0,253;0,227;0,129
"retornar";0,003;0,307;0,334;0,198
"restante";0,587;0,253;0,95;0,129
"religião";0,937;0,588;0,403;0,875
"relato";0,018;0,97;0,28;0,15
"relacionar";0,059;0,307;0,755;0,198
"refém";0,018;0,253;0,28;0,65
"reforçar";0,788;0,147;0,334;0,853
"reclamar";0,018;0,253;0,95;0,15
"recife";0,131;0,253;0,019;0,595
"raro";0,937;0,588;0,403;0,875
"rapaz";0,417;0,307;0,112;0,198
"racismo";0,01;0,376;0,403;0,266
"pós_traumático";0,001;0,253;0,28;0,15
"protesto";0,131;0;0,28;0,15
"proteger";0,417;0,831;0,334;0,853
"propósito";0,672;0,285;0,28;0,65
"produtor";0,177;0,831;0,112;0,853
"procedimento";0,177;0,307;0,334;0,002
"poço";0,131;0,253;0,28;0
"pousar";0,01;0,376;0,403;0,266
"possuir";0,177;0,007;0,755;0,198
"pontuar";0,937;0,376;0,403;0,153
"pm";0,001;0,253;0,28;0,15
"plantão";0,01;0,376;0,403;0,266
"planejar";0,788;0,147;0,755;0,198
"pintar";0,587;0,253;0;0,15
"perna";0,164;0,97;0,95;0,15
"pergunta";0,243;0,049;0,403;0,875
"perfeito";0,243;0,049;0,523;0,266
"pensamento";0,164;0,97;0,28;0,65
"pedaço";0,672;0,285;0,28;0,65
"paulista";0,788;0,307;0,004;0,198
"paterno";0,01;0,376;0,403;0,266
"passeio";0,417;0,307;0,755;0,853
"parado";0,417;0,307;0,755;0,853
"pangong";0,001;0,253;0,28;0,15
"paleontólogo";0,177;0,307;0,112;0,36
"palco";0,788;0,307;0,004;0,198
"ostentar";0,177;0,007;0,334;0,853
"orçamento";0,417;0,307;0,334;0,36
"orientar";0,788;0,831;0,755;0,853
"noção";0,788;0,007;0,334;0,198
"novidade";0,177;0,147;0,755;0,853
"nora";0,001;0,253;0,28;0,15
"nerd";0,131;0,253;0;0,15
"muçulmano";0,018;0,97;0,28;0,15
"mundial";0,243;0,049;0,403;0,875
"motivar";0,417;0,307;0,112;0,198
"modelo";0,177;0,307;0,112;0,36
"mistura";0,131;0,97;0,95;0,129
"minério";0,243;0,376;0,523;0,153
"meta";0,788;0,831;0,755;0,853
"mesa";0,587;0,285;0,227;0,15
"mata";0,01;0,376;0,403;0,266
"madrasta";0,001;0,253;0,28;0,15
"luz";0,672;0,285;0,28;0,65
"luiza";0,672;0,253;0,019;0,15
"lira";0,177;0;0,334;0,198
"linha";0,937;0,588;0,523;0,266
"limpo";0,587;0,285;0,28;0,595
"ligação";0,788;0,307;0,334;0,044
"liderança";0,243;0,588;0,403;0,153
"libertar";0,177;0,147;0,755;0,853
"letra";0,177;0,147;0,112;0,198
"lembrança";0,788;0,831;0,112;0,198
"legislativo";0,177;0,307;0,334;0,002
"le";0,001;0,253;0,28;0,15
"lama";0,243;0,049;0,523;0,266
"ladakh";0,001;0,253;0,28;0,15
"juro";0,177;0,307;0,334;0,002
"juliana";0,018;0,253;0,95;0,15
"judiciário";0,587;0,253;0,28;0,012
"judicial";0,001;0,253;0,28;0,15
"jantar";0,587;0,03;0,95;0,15
"janela";0,018;0,253;0,28;0,65
"iva";0,177;0,307;0,334;0,002
"ismael";0,059;0,831;0,334;0,198
"irineu";0,131;0;0,28;0,15
"inversand";0,131;0,253;0,28;0
"intolerância";0,937;0,049;0,403;0,266
"intervenção";0,788;0,307;0,334;0,044
"interessar";0,937;0,376;0,523;0,875
"integração";0,177;0,307;0,334;0,002
"individual";0,131;0,253;0,95;0,012
"indicado";0,185;0,376;0,523;0,266
"inaugurar";0,177;0;0,334;0,198
"importar";0,131;0;0,28;0,15
"ilha";0,177;0,307;0,112;0,36
"ignorar";0,177;0,307;0,334;0,002
"ideológico";0,417;0,307;0,334;0,36
"homenagem";0,937;0,588;0,523;0,266
"himalaia";0,001;0,253;0,28;0,15
"hegemônico";0,587;0,285;0,95;0,65
"habitação";0,587;0,253;0,28;0,012
"gigante";0,177;0,147;0,334;0,36
"gafieira";0,177;0,307;0;0,198
"funcionamento";0,177;0,307;0,334;0,002
"fraude";0,131;0,97;0,28;0,012
"focar";0,131;0,97;0,95;0,129
"floresta";0,131;0,285;0,227;0,65
"financiar";0,587;0,97;0,28;0,129
"ferimento";0,003;0,307;0,334;0,198
"feira";0,587;0,285;0,95;0,65
"fazenda";0,131;0,285;0,28;0,129
"facilidade";0,587;0,97;0,28;0,129
"facada";0,001;0,253;0,28;0,15
"existência";0,177;0,147;0,334;0,36
"exercício";0,131;0,253;0,95;0,012
"excelente";0,243;0,376;0,523;0,153
"ex_presidente";0,672;0,285;0,28;0,65
"evidência";0,672;0,253;0,28;0,129
"europa";0,131;0,253;0;0,15
"eterno";0,788;0,007;0,334;0,198
"estrutural";0,243;0,376;0,403;0,007
"estresse";0,001;0,253;0,28;0,15
"estreito";0,788;0,147;0,755;0,198
"estereótipo";0,131;0;0,28;0,15
"estabelecimento";0,059;0,307;0,334;0,853
"esportivo";0,131;0,253;0;0,15
"escolar";0,131;0,253;0,28;0
"entretenimento";0,243;0,049;0,523;0,266
"ensaio";0,243;0,001;0,403;0,266
"empire";0,243;0,588;0,034;0,266
"emocionar";0,131;0,285;0,019;0,15
"embalar";0,417;0,307;0,334;0,36
"embalagem";0,131;0,253;0,28;0
"emanuelly";0,001;0,253;0,28;0,15
"elevado";0,164;0,253;0,28;0,595
"eleição";0,417;0,147;0,334;0,198
"eduardo";0,788;0,307;0,334;0,044
"dívida";0,131;0,253;0,28;0
"duração";0,001;0,253;0,28;0,15
"diversidade";0,937;0,049;0,403;0,266
"dispor";0,587;0,253;0,28;0,012
"desfile";0,587;0,03;0,95;0,15
"desejar";0,177;0,831;0,112;0,853
"desconto";0,788;0,307;0,755;0,36
"descer";0,059;0,307;0,755;0,198
"desastre";0,788;0,307;0,755;0,36
"desaparecimento";0,001;0,253;0,28;0,15
"depressão";0,001;0,253;0,28;0,15
"cumprir";0,788;0,147;0,334;0,853
"cuidar";0,018;0,253;0,28;0,65
"cuba";0,185;0,588;0,403;0,266
"crítico";0,131;0,285;0,227;0,65
"crítica";0,177;0,147;0,755;0,853
"correspondente";0,243;0,376;0,523;0,153
"cor";0,937;0,376;0,523;0,875
"controlar";0,587;0,97;0,95;0,595
"conselheiro";0,003;0,307;0,334;0,198
"conflituoso";0,243;0,049;0,403;0,875
"conexão";0,587;0,97;0,95;0,595
"conceder";0,788;0,831;0,755;0,853
"comunicação";0,01;0,376;0,403;0,266
"comportamento";0,177;0,007;0,755;0,198
"comentar";0,672;0,253;0,019;0,15
"comando";0,417;0,831;0,755;0,198
"coletivo";0,131;0,97;0,227;0,595
"cobertura";0,243;0,049;0,523;0,266
"clima";0,937;0,376;0,034;0,266
"circuito";0,177;0,147;0,112;0,198
"chuva";0,01;0,376;0,403;0,266
"cheiro";0,164;0,253;0,28;0,595
"cartaz";0,417;0,307;0,755;0,853
"cargo";0,243;0,588;0,523;0,875
"cancerígeno";0,131;0,253;0,28;0
"campeão";0,177;0,147;0,755;0,853
"caminhão";0,018;0,253;0,95;0,15
"cama";0,001;0,253;0,28;0,15
"caixa";0,672;0,253;0,95;0,595
"broadway";0,937;0,376;0,034;0,266
"brilhar";0,243;0,001;0,403;0,266
"brigada";0,164;0,253;0,28;0,595
"briga";0,018;0,253;0,28;0,65
"borough";0,001;0,253;0,28;0,15
"bicicleta";0,018;0,253;0,95;0,15
"benefício";0,177;0,831;0,334;0,044
"banho";0,001;0,253;0,28;0,15
"baixar";0,417;0,307;0,112;0,198
"avaliar";0,177;0,831;0,334;0,044
"aula";0,131;0,97;0;0,15
"assédio";0,131;0;0,28;0,15
"aspecto";0,177;0,307;0,334;0,002
"araraquara";0,003;0,307;0,334;0,198
"aprovação";0,131;0,253;0,95;0,012
"apropriado";0,587;0,03;0,95;0,15
"anjo";0,059;0,831;0,334;0,198
"animal";0,131;0,253;0,28;0
"andrade";0,788;0,007;0,334;0,198
"amoroso";0,587;0,285;0,95;0,65
"amador";0,131;0,253;0;0,15
"alves";0,164;0,285;0,28;0,15
"almoço";0,164;0,97;0,95;0,15
"agressor";0,003;0,307;0,334;0,198
"adicional";0,131;0,253;0,28;0
"ódio";0,243;0,049;0,403;0,875
"íntegro";0,417;0,147;0,334;0,198
"ídolo";0,243;0,049;0,523;0,266
"áudio";0,243;0,376;0,523;0,153
"áfrica";0,243;0,001;0,403;0,266
"vladimir";0,243;0,376;0,034;0,875
"viridiana";0,01;0,376;0,403;0,266
"vergonha";0,417;0,307;0,112;0,198
"varejo";0,177;0,307;0,334;0,002
"valorizar";0,177;0,147;0,755;0,853
"trèbes";0,185;0,376;0,523;0,266
"trilogia";0,177;0,007;0,755;0,198
"tratamento";0,177;0,307;0,334;0,002
"transformação";0,177;0,147;0,334;0,36
"transferência";0,243;0,376;0,403;0,007
"tolokonnikova";0,788;0,307;0,112;0,853
"tjlp";0,177;0,307;0,334;0,002
"tentado";0,788;0,831;0,755;0,853
"temperatura";0,059;0,307;0,334;0,853
"sustentável";0,177;0,307;0,334;0,002
"surrealista";0,01;0,376;0,403;0,266
"surgimento";0,177;0,831;0,334;0,044
"sujeito";0,937;0,049;0,403;0,266
"socorrer";0,003;0,307;0,334;0,198
"sociólogo";0,177;0,307;0,334;0,002
"sobrevivente";0,185;0,588;0,403;0,266
"sindicato";0,937;0,376;0,403;0,153
"simples";0,417;0,307;0,334;0,36
"silício";0,177;0,307;0;0,198
"silêncio";0,243;0,049;0,523;0,266
"sequela";0,003;0,307;0,334;0,198
"sentimento";0,003;0,307;0,334;0,198
"secretário";0,788;0,307;0,334;0,044
"sartori";0,177;0,307;0,334;0,002
"sangue";0,003;0,307;0,334;0,198
"sambista";0,243;0,049;0,523;0,266
"salvador";0,003;0,307;0,334;0,198
"rodovia";0,243;0,049;0,403;0,875
"reverter";0,243;0,049;0,403;0,875
"retomar";0,243;0,588;0,523;0,875
"resolução";0,177;0,307;0,334;0,002
"república";0,177;0,831;0,112;0,853
"representante";0,417;0,831;0,334;0,853
"repertório";0,177;0,147;0,112;0,198
"renovar";0,788;0,147;0,334;0,853
"relatório";0,243;0,376;0,403;0,007
"relacionamento";0,185;0,588;0,403;0,266
"reivindicar";0,003;0,307;0,334;0,198
"regular";0,788;0,307;0,334;0,044
"regional";0,185;0,376;0,403;0,875
"refeição";0,185;0,376;0,523;0,266
"reconhecimento";0,177;0,831;0,004;0,198
"recompensa";0,788;0,831;0,334;0,36
"recomendação";0,185;0,376;0,403;0,875
"reafirmar";0,177;0,307;0,334;0,002
"quente";0,788;0,147;0,334;0,853
"quebrado";0,01;0,376;0,403;0,266
"punir";0,177;0,831;0,334;0,044
"psicóloga";0,059;0,307;0,334;0,853
"proporcionar";0,788;0,831;0,755;0,853
"proibir";0,177;0,147;0,112;0,198
"procurador";0,059;0,307;0,334;0,853
"processar";0,243;0,376;0,403;0,007
"privacidade";0,788;0,147;0,755;0,198
"preventivo";0,059;0,307;0,334;0,853
"preservar";0,243;0,376;0,403;0,007
"preparo";0,788;0,307;0,004;0,198
"preencher";0,788;0,307;0,755;0,36
"precipício";0,417;0,831;0,755;0,198
"precioso";0,243;0,376;0,523;0,153
"prato";0,185;0,376;0,403;0,875
"porco";0,243;0,376;0,523;0,153
"planeta";0,243;0,588;0,403;0,153
"pista";0,788;0,307;0,112;0,853
"piso";0,177;0,307;0,755;0,044
"perseguição";0,937;0,588;0,523;0,266
"pedreiro";0,417;0,307;0,334;0,36
"passageiro";0,185;0,588;0,403;0,266
"paralisação";0,003;0,307;0,334;0,198
"paraisópolis";0,059;0,307;0,334;0,853
"osso";0,788;0,147;0,334;0,853
"operador";0,243;0,376;0,403;0,007
"ofender";0,937;0,588;0,403;0,875
"ocupante";0,01;0,376;0,403;0,266
"necessitar";0,177;0,307;0,755;0,044
"nacionalismo";0,243;0,049;0,403;0,875
"mário";0,185;0,588;0,403;0,266
"murilo";0,243;0,376;0;0,266
"movimentar";0,937;0,588;0,523;0,266
"moriri";0,003;0,307;0,334;0,198
"monte";0,243;0,588;0,034;0,266
"montar";0,177;0,307;0;0,198
"modificar";0,177;0,307;0,004;0,853
"missão";0,243;0,049;0,403;0,875
"miles";0,243;0,588;0,034;0,266
"metrópole";0,177;0,307;0;0,198
"metropolitano";0,003;0,307;0,334;0,198
"medieval";0,177;0,307;0,755;0,044
"maquiar";0,243;0,376;0,403;0,007
"manutenção";0,243;0,588;0,403;0,153
"mantua";0,243;0,376;0,403;0,007
"manchester";0,003;0,307;0,334;0,198
"mala";0,177;0,307;0;0,198
"macaco";0,003;0,307;0,334;0,198
"loucura";0,185;0,376;0,403;0,875
"loubna";0,059;0,307;0,755;0,198
"litoral";0,003;0,307;0,334;0,198
"linguiça";0,243;0,376;0,403;0,007
"limpeza";0,185;0,376;0,523;0,266
"liderar";0,937;0,588;0,403;0,875
"liberdade";0,243;0,588;0,034;0,266
"lanche";0,003;0,307;0,334;0,198
"lanceiro";0,003;0,307;0,334;0,198
"khimki";0,417;0,831;0,755;0,198
"khardung";0,003;0,307;0,334;0,198
"júnior";0,788;0,307;0,334;0,044
"julgamento";0,059;0,831;0,334;0,198
"jazz";0,937;0,588;0,523;0,266
"introduzir";0,243;0,588;0,403;0,153
"interromper";0,177;0,831;0,334;0,044
"inspirar";0,937;0,376;0,403;0,153
"injúria";0,003;0,307;0,334;0,198
"inicial";0,417;0,147;0,334;0,198
"indivíduo";0,177;0,307;0,334;0,002
"impressão";0,243;0,049;0,523;0,266
"impactar";0,243;0,001;0,403;0,266
"imigração";0,243;0,376;0,523;0,153
"imenso";0,243;0,376;0,523;0,153
"ilusão";0,185;0,588;0,403;0,266
"identidade";0,788;0,147;0,334;0,853
"humorista";0,177;0,307;0;0,198
"higienizar";0,177;0;0,334;0,198
"hemilly";0,01;0,376;0,403;0,266
"habitacional";0,417;0,307;0,334;0,36
"gênese";0,177;0,007;0,334;0,853
"gás";0,417;0,307;0,755;0,853
"guia";0,059;0,831;0,334;0,198
"grillo";0,177;0,307;0,334;0,002
"fórmula";0,177;0,307;0;0,198
"fundação";0,177;0,831;0,755;0,36
"fruto";0,243;0,049;0,403;0,875
"frequentar";0,788;0,831;0,112;0,198
"fraco";0,937;0,376;0,403;0,153
"fosso";0,177;0,307;0,334;0,002
"fonte";0,243;0,588;0,403;0,153
"financiamento";0,177;0,307;0,334;0,002
"finalizar";0,185;0,376;0,523;0,266
"fenômeno";0,177;0,831;0,112;0,853
"faltar";0,788;0,831;0,755;0,853
"faculdade";0,177;0,831;0,004;0,198
"extremista";0,003;0,307;0,334;0,198
"exterminador";0,01;0,376;0,403;0,266
"expressar";0,417;0,307;0,755;0,853
"explodir";0,059;0,831;0,334;0,198
"experimentar";0,937;0,588;0,403;0,875
"exato";0,788;0,307;0,004;0,198
"evolução";0,177;0,831;0,755;0,36
"estragado";0,177;0,307;0,755;0,044
"estimular";0,243;0,049;0,403;0,875
"estabilidade";0,177;0,831;0,755;0,36
"esquema";0,177;0,307;0,334;0,002
"esquecido";0,059;0,307;0,334;0,853
"escolaridade";0,177;0,147;0,112;0,198
"esclarecer";0,788;0,831;0,334;0,36
"escavar";0,177;0,831;0,334;0,044
"escala";0,937;0,588;0,403;0,875
"envelhecimento";0,177;0,307;0,334;0,002
"entrega";0,243;0,376;0,034;0,875
"ensinar";0,177;0,831;0,004;0,198
"engolir";0,937;0,376;0,523;0,875
"endereço";0,059;0,831;0,334;0,198
"encher";0,417;0,307;0,112;0,198
"empregar";0,417;0,831;0,334;0,853
"emocional";0,177;0,307;0;0,198
"eleito";0,177;0,307;0,112;0,36
"eficiência";0,177;0,307;0,334;0,002
"eficiente";0,243;0,376;0,403;0,007
"economista";0,177;0,307;0,334;0,002
"duro";0,937;0,588;0,403;0,875
"duarte";0,177;0,831;0,755;0,36
"dividir";0,243;0,588;0,034;0,266
"dito";0,185;0,376;0,403;0,875
"disco";0,243;0,376;0;0,266
"dimensão";0,937;0,588;0,403;0,875
"dieese";0,177;0,307;0,334;0,002
"despovoamento";0,177;0,307;0,334;0,002
"despesa";0,177;0,307;0,334;0,002
"despejo";0,417;0,307;0,334;0,36
"desconfiança";0,788;0,147;0,334;0,853
"desaparecido";0,003;0,307;0,334;0,198
"desabafar";0,243;0,588;0,034;0,266
"denúncia";0,003;0,307;0,334;0,198
"demorar";0,185;0,376;0,523;0,266
"dança";0,243;0,588;0,034;0,266
"dalí";0,003;0,307;0,334;0,198
"câmara";0,059;0,307;0,334;0,853
"culpado";0,059;0,307;0,334;0,853
"cuidado";0,788;0,831;0,334;0,36
"cruzar";0,417;0,831;0,755;0,198
"criptografia";0,417;0,307;0,334;0,36
"criptografar";0,003;0,307;0,334;0,198
"cracolândia";0,177;0,831;0,334;0,044
"coreia";0,003;0,307;0,334;0,198
"copacabana";0,177;0,307;0;0,198
"contribuir";0,177;0,307;0,334;0,002
"conta";0,177;0,307;0,334;0,002
"constituir";0,243;0,049;0,403;0,875
"congresso";0,177;0,307;0,334;0,002
"concorrido";0,01;0,376;0,403;0,266
"conciliação";0,788;0,831;0,334;0,36
"concessão";0,177;0,307;0,334;0,002
"concentrar";0,177;0,307;0,334;0,002
"comércio";0,177;0,307;0,755;0,044
"comprometido";0,177;0,307;0,334;0,002
"completar";0,01;0,376;0,403;0,266
"competente";0,937;0,376;0,403;0,153
"comparar";0,937;0,376;0,523;0,875
"comercial";0,003;0,307;0,334;0,198
"comedy";0,177;0,307;0;0,198
"comediante";0,243;0,376;0;0,266
"cobrança";0,177;0,307;0,334;0,002
"classificar";0,937;0,376;0,403;0,153
"cinderela";0,185;0,588;0,403;0,266
"chegada";0,417;0,831;0,334;0,853
"chance";0,177;0,307;0,112;0,36
"centena";0,417;0,307;0,755;0,853
"celular";0,003;0,307;0,334;0,198
"caótico";0,788;0,307;0,112;0,853
"carta";0,937;0,049;0,403;0,266
"caos";0,788;0,831;0,755;0,853
"canto";0,937;0,588;0,523;0,266
"burocrata";0,177;0,307;0,334;0,002
"burguês";0,01;0,376;0,403;0,266
"brincar";0,937;0,376;0,034;0,266
"braço";0,059;0,831;0,334;0,198
"bonde";0,243;0,001;0,403;0,266
"bob";0,177;0,307;0,334;0,002
"biológico";0,788;0,831;0,334;0,36
"big";0,417;0,307;0,112;0,198
"barro";0,01;0,376;0,403;0,266
"barato";0,788;0,307;0,334;0,044
"banheiro";0,003;0,307;0,334;0,198
"banda";0,243;0,376;0,034;0,875
"balcão";0,01;0,376;0,403;0,266
"bachri";0,417;0,147;0,334;0,198
"autorizar";0,937;0,376;0,403;0,153
"auge";0,788;0,147;0,755;0,198
"atribuição";0,243;0,376;0,403;0,007
"atrativo";0,177;0,831;0,112;0,853
"atrasado";0,01;0,376;0,403;0,266
"assinar";0,059;0,307;0,334;0,853
"assassinar";0,003;0,307;0,334;0,198
"artigo";0,937;0,376;0,403;0,153
"argumentar";0,417;0,307;0,334;0,36
"arena";0,937;0,376;0,034;0,266
"apoiar";0,788;0,831;0,334;0,36
"aplicar";0,417;0,307;0,755;0,853
"apaixonado";0,788;0,831;0,112;0,198
"antônio";0,185;0,376;0,523;0,266
"anderson";0,003;0,307;0,334;0,198
"ancop";0,177;0,007;0,755;0,198
"ana";0,243;0,049;0,523;0,266
"altura";0,01;0,376;0,403;0,266
"alteração";0,177;0,831;0,755;0,36
"alterar";0,177;0,307;0,334;0,002
"algemar";0,003;0,307;0,334;0,198
"alertar";0,788;0,831;0,334;0,36
"alcance";0,788;0,307;0,334;0,044
"agrupamento";0,177;0,831;0,334;0,044
"agricultura";0,177;0,307;0,334;0,002
"agressivo";0,177;0;0,334;0,198
"agosto";0,937;0,376;0,523;0,875
"adolescente";0,059;0,831;0,334;0,198
"admitir";0,788;0,307;0,334;0,044
"acusação";0,177;0,307;0,755;0,044
"acionar";0,003;0,307;0,334;0,198
"abuso";0,417;0,831;0,334;0,853
"abril";0,185;0,376;0,403;0,875
"útil";0,243;0,049;0,523;0,266
"índice";0,243;0,588;0,403;0,153
"árvore";0,937;0,376;0,523;0,875
"washington";0,185;0,376;0,523;0,266
"votar";0,937;0,588;0,523;0,266
"virado";0,243;0,001;0,403;0,266
"villa_lobos";0,243;0,001;0,403;0,266
"veloz";0,243;0,376;0,403;0,007
"veem";0,185;0,376;0,403;0,875
"vara";0,01;0,376;0,403;0,266
"urgente";0,01;0,376;0,403;0,266
"unificar";0,243;0,376;0,403;0,007
"turma";0,243;0,588;0,034;0,266
"trânsito";0,185;0,376;0,403;0,875
"tristeza";0,185;0,588;0,403;0,266
"trio";0,937;0,588;0,523;0,266
"trem";0,185;0,588;0,403;0,266
"transtorno";0,937;0,588;0,403;0,875
"trajeto";0,01;0,376;0,403;0,266
"trabalhista";0,243;0,049;0,403;0,875
"topo";0,937;0,588;0,403;0,875
"tom";0,243;0,588;0,523;0,875
"toa";0,937;0,376;0,523;0,875
"teoria";0,243;0,588;0,523;0,875
"telhado";0,185;0,376;0,403;0,875
"tecnológico";0,937;0,376;0,403;0,153
"surpreendente";0,243;0,049;0,403;0,875
"suposto";0,185;0,588;0,403;0,266
"suportar";0,937;0,376;0,403;0,153
"superação";0,01;0,376;0,403;0,266
"super";0,01;0,376;0,403;0,266
"sucessivo";0,243;0,376;0,403;0,007
"stf";0,185;0,376;0,403;0,875
"startup";0,243;0,376;0,403;0,007
"soul";0,243;0,049;0,523;0,266
"solicitar";0,937;0,376;0,403;0,153
"soja";0,243;0,376;0,403;0,007
"sofisticado";0,243;0,588;0,523;0,875
"sobrinho";0,185;0,588;0,403;0,266
"sinhô";0,01;0,376;0,403;0,266
"single";0,243;0,376;0;0,266
"seção";0,937;0,588;0,403;0,875
"selecionar";0,243;0,376;0;0,266
"segregação";0,243;0,049;0,403;0,875
"schotte";0,01;0,376;0,403;0,266
"rowan";0,937;0,376;0,403;0,153
"rivasplata";0,01;0,376;0,403;0,266
"rigoroso";0,243;0,588;0,403;0,153
"revelação";0,243;0,376;0,523;0,153
"reuters";0,01;0,376;0,403;0,266
"retomada";0,243;0,588;0,403;0,153
"resistência";0,937;0,588;0,403;0,875
"reservar";0,185;0,376;0,523;0,266
"requisito";0,243;0,376;0,403;0,007
"remédio";0,243;0,376;0,403;0,007
"relacionado";0,185;0,376;0,403;0,875
"reiterar";0,01;0,376;0,403;0,266
"refugiado";0,243;0,588;0,523;0,875
"recomeçar";0,937;0,376;0,034;0,266
"rainha";0,243;0,049;0,523;0,266
"queens";0,937;0,376;0,034;0,266
"quarta_feira";0,01;0,376;0,403;0,266
"pyongyang";0,01;0,376;0,403;0,266
"puro";0,243;0,049;0,403;0,875
"psicólogo";0,01;0,376;0,403;0,266
"psicologia";0,937;0,588;0,403;0,875
"proximidade";0,185;0,588;0,403;0,266
"provisório";0,185;0,376;0,523;0,266
"proposto";0,243;0,588;0,403;0,153
"propagar";0,243;0,588;0,403;0,153
"programar";0,937;0,376;0,403;0,153
"processado";0,243;0,376;0,403;0,007
"primário";0,243;0,001;0,403;0,266
"primeiro_ministro";0,185;0,376;0,403;0,875
"presídio";0,937;0,049;0,403;0,266
"preste";0,243;0,588;0,523;0,875
"pressupor";0,243;0,588;0,403;0,153
"preservação";0,243;0,049;0,403;0,875
"preparado";0,243;0,376;0;0,266
"português";0,243;0,376;0;0,266
"ponta";0,185;0,376;0,523;0,266
"polônia";0,243;0,588;0,403;0,153
"platão";0,243;0,001;0,403;0,266
"piorar";0,937;0,376;0,403;0,153
"pinker";0,243;0,049;0,403;0,875
"pib";0,243;0,376;0,403;0,007
"phelipe";0,01;0,376;0,403;0,266
"perseguir";0,185;0,376;0,403;0,875
"percepção";0,243;0,588;0,403;0,153
"peer_to_peer";0,243;0,376;0,403;0,007
"paula";0,185;0,588;0,403;0,266
"parlamento";0,01;0,376;0,403;0,266
"paralelo";0,243;0,588;0,034;0,266
"paradoxo";0,937;0,588;0,403;0,875
"paciente";0,01;0,376;0,403;0,266
"ovo";0,243;0,049;0,403;0,875
"oração";0,01;0,376;0,403;0,266
"oposição";0,243;0,588;0,403;0,153
"operacional";0,937;0,376;0,403;0,153
"ocasião";0,937;0,376;0,403;0,153
"nóbrega";0,243;0,376;0,403;0,007
"né";0,243;0,049;0,403;0,875
"nyc";0,243;0,376;0,034;0,875
"notar";0,185;0,588;0,403;0,266
"neutralizar";0,243;0,588;0,523;0,875
"negretti";0,01;0,376;0,403;0,266
"nação";0,243;0,588;0,403;0,153
"my";0,937;0,376;0,034;0,266
"multiplicar";0,243;0,376;0,034;0,875
"molenbeek";0,185;0,588;0,403;0,266
"mlb";0,01;0,376;0,403;0,266
"ministro";0,01;0,376;0,403;0,266
"minerador";0,243;0,588;0,403;0,153
"mikhail";0,185;0,376;0,523;0,266
"mexer";0,243;0,588;0,523;0,875
"mentira";0,185;0,588;0,403;0,266
"may";0,01;0,376;0,403;0,266
"matéria_prima";0,243;0,376;0,403;0,007
"mato";0,243;0,376;0,403;0,007
"mascarar";0,243;0,376;0,403;0,007
"marmitex";0,243;0,376;0,403;0,007
"manipulador";0,243;0,001;0,403;0,266
"maduro";0,243;0,049;0,523;0,266
"macron";0,01;0,376;0,403;0,266
"lua";0,185;0,376;0,523;0,266
"lindo";0,243;0,588;0,034;0,266
"limpar";0,243;0,049;0,403;0,875
"leve";0,243;0,588;0,523;0,875
"levantar";0,185;0,376;0,523;0,266
"lesão";0,185;0,588;0,403;0,266
"legume";0,243;0,588;0,523;0,875
"legitimidade";0,243;0,376;0,403;0,007
"lazzarini";0,243;0,376;0,403;0,007
"kar";0,01;0,376;0,403;0,266
"justificar";0,185;0,376;0,403;0,875
"josias";0,01;0,376;0,403;0,266
"izaguirre";0,185;0,376;0,403;0,875
"irregularidade";0,243;0,376;0,403;0,007
"invenção";0,243;0,588;0,523;0,875
"interessado";0,243;0,376;0,523;0,153
"inteligente";0,243;0,376;0,403;0,007
"instância";0,243;0,588;0,523;0,875
"instalação";0,243;0,049;0,403;0,875
"inspeção";0,243;0,376;0,403;0,007
"inovar";0,243;0,001;0,403;0,266
"indireto";0,937;0,376;0,403;0,153
"incomodar";0,243;0,049;0,403;0,875
"incentivar";0,185;0,376;0,523;0,266
"impróprio";0,243;0,376;0,403;0,007
"importância";0,243;0,049;0,403;0,875
"imediato";0,243;0,376;0,523;0,153
"idioma";0,243;0,588;0,034;0,266
"hospedar";0,185;0,588;0,403;0,266
"hella";0,937;0,588;0,523;0,266
"hearn";0,243;0,376;0,403;0,007
"habitar";0,185;0,376;0,403;0,875
"grosso";0,243;0,376;0,403;0,007
"gravação";0,937;0,376;0,523;0,875
"giordano";0,01;0,376;0,403;0,266
"genético";0,243;0,049;0,523;0,266
"genética";0,937;0,049;0,403;0,266
"gaúcho";0,185;0,588;0,403;0,266
"gastar";0,937;0,376;0,523;0,875
"galien";0,01;0,376;0,403;0,266
"fronteira";0,01;0,376;0,403;0,266
"frigorífico";0,243;0,376;0,523;0,153
"frequente";0,243;0,588;0,403;0,153
"fornecer";0,243;0,376;0,403;0,007
"ford";0,243;0,049;0,403;0,875
"fome";0,185;0,376;0,523;0,266
"folha";0,243;0,588;0,523;0,875
"fiscalização";0,243;0,376;0,403;0,007
"filosofia";0,243;0,001;0,403;0,266
"ferramenta";0,243;0,376;0,034;0,875
"feriado";0,01;0,376;0,403;0,266
"extra";0,185;0,376;0,523;0,266
"extensão";0,243;0,376;0,523;0,153
"executar";0,937;0,376;0,403;0,153
"ex_funcionário";0,01;0,376;0,403;0,266
"evoluir";0,243;0,588;0,523;0,875
"estônia";0,243;0,376;0;0,266
"estável";0,243;0,376;0,034;0,875
"estranho";0,185;0,588;0,403;0,266
"estigmatização";0,937;0,588;0,523;0,266
"estatal";0,243;0,376;0,403;0,007
"essência";0,243;0,588;0,403;0,153
"esperado";0,01;0,376;0,403;0,266
"esfera";0,185;0,376;0,403;0,875
"escritura";0,185;0,376;0,403;0,875
"erguer";0,01;0,376;0,403;0,266
"equilibrar";0,243;0,376;0,403;0,007
"enxergar";0,243;0,376;0,403;0,007
"ensaiar";0,243;0,001;0,403;0,266
"enredo";0,243;0,001;0,403;0,266
"encerrar";0,01;0,376;0,403;0,266
"emprestar";0,243;0,376;0,403;0,007
"empregado";0,01;0,376;0,403;0,266
"emocionado";0,937;0,376;0,034;0,266
"emmanuel";0,01;0,376;0,403;0,266
"eleitoral";0,937;0,376;0,403;0,153
"educar";0,01;0,376;0,403;0,266
"déli";0,01;0,376;0,403;0,266
"duvidar";0,185;0,376;0,403;0,875
"dominar";0,243;0,588;0,403;0,153
"doação";0,01;0,376;0,403;0,266
"distante";0,243;0,376;0;0,266
"dirigir";0,243;0,049;0,403;0,875
"dificultar";0,243;0,376;0,403;0,007
"detonar";0,937;0,588;0,523;0,266
"determinação";0,01;0,376;0,403;0,266
"desviar";0,937;0,376;0,403;0,153
"desvendar";0,937;0,049;0,403;0,266
"destruir";0,937;0,376;0,034;0,266
"descrever";0,937;0,588;0,403;0,875
"descentralizado";0,243;0,376;0,403;0,007
"desaparecer";0,937;0,588;0,403;0,875
"delito";0,185;0,376;0,403;0,875
"delegar";0,185;0,588;0,403;0,266
"deflagrar";0,243;0,376;0,403;0,007
"deficit";0,243;0,376;0,403;0,007
"decreto";0,937;0,376;0,403;0,153
"cômodo";0,937;0,376;0,523;0,875
"cão";0,01;0,376;0,403;0,266
"cruz";0,01;0,376;0,403;0,266
"cruel";0,937;0,588;0,523;0,266
"criatura";0,243;0,588;0,403;0,153
"costela";0,185;0,588;0,403;0,266
"corte";0,01;0,376;0,403;0,266
"corrupção";0,243;0,376;0,034;0,875
"corredor";0,185;0,376;0,523;0,266
"corporativo";0,243;0,588;0,034;0,266
"coordenador";0,01;0,376;0,403;0,266
"cooptar";0,243;0,001;0,403;0,266
"cooperativa";0,243;0,588;0,403;0,153
"contribuição";0,243;0,376;0,403;0,007
"consulta";0,185;0,376;0,403;0,875
"conservador";0,243;0,376;0,523;0,153
"consenso";0,243;0,376;0,403;0,007
"confusão";0,937;0,588;0,523;0,266
"confundido";0,243;0,049;0,403;0,875
"confiável";0,243;0,376;0,403;0,007
"condenação";0,185;0,376;0,523;0,266
"conceber";0,937;0,376;0,403;0,153
"computador";0,243;0,376;0,403;0,007
"complexidade";0,243;0,001;0,403;0,266
"competência";0,243;0,001;0,403;0,266
"company";0,243;0,376;0,034;0,875
"coma";0,01;0,376;0,403;0,266
"colaborar";0,185;0,376;0,403;0,875
"climático";0,243;0,049;0,523;0,266
"cincinnati";0,01;0,376;0,403;0,266
"cidadão";0,243;0,588;0,403;0,153
"cidadania";0,243;0,588;0,403;0,153
"catástrofe";0,937;0,049;0,403;0,266
"castelo";0,937;0,588;0,403;0,875
"carcassone";0,185;0,376;0,523;0,266
"canadense";0,185;0,376;0,403;0,875
"calçada";0,01;0,376;0,403;0,266
"cachorro";0,01;0,376;0,403;0,266
"cabelo";0,937;0,588;0,523;0,266
"bélgica";0,185;0,376;0,523;0,266
"buterin";0,243;0,376;0,403;0,007
"burguesia";0,243;0,049;0,523;0,266
"brutalidade";0,01;0,376;0,403;0,266
"brilhante";0,243;0,588;0,403;0,153
"bombeiro";0,01;0,376;0,403;0,266
"boca";0,185;0,588;0,403;0,266
"bk";0,01;0,376;0,403;0,266
"biografia";0,243;0,001;0,403;0,266
"barking";0,01;0,376;0,403;0,266
"bala";0,01;0,376;0,403;0,266
"bahia";0,937;0,376;0,523;0,875
"bagunça";0,937;0,376;0,403;0,153
"bagagem";0,185;0,376;0,523;0,266
"avião";0,185;0,376;0,523;0,266
"avançar";0,185;0,376;0,403;0,875
"auxílio";0,243;0,376;0,403;0,007
"autenticidade";0,243;0,001;0,403;0,266
"atualizar";0,243;0,588;0,403;0,153
"atraente";0,243;0,588;0,403;0,153
"atirador";0,01;0,376;0,403;0,266
"assolar";0,937;0,588;0,403;0,875
"asfalto";0,937;0,588;0,403;0,875
"arrecadação";0,243;0,376;0,403;0,007
"armstrong";0,01;0,376;0,403;0,266
"armado";0,937;0,376;0,403;0,153
"apresentado";0,185;0,376;0,403;0,875
"apreensão";0,243;0,376;0,403;0,007
"apreender";0,185;0,376;0,403;0,875
"apreciar";0,243;0,588;0,034;0,266
"apostar";0,243;0,376;0,403;0,007
"aposentar";0,243;0,376;0,403;0,007
"apelo";0,243;0,376;0,523;0,153
"aparência";0,185;0,588;0,403;0,266
"aparente";0,243;0,376;0,034;0,875
"apanhar";0,185;0,588;0,403;0,266
"anual";0,243;0,376;0,403;0,007
"anteceder";0,243;0,588;0,403;0,153
"ansiedade";0,185;0,376;0,523;0,266
"animado";0,243;0,376;0,034;0,875
"ambicioso";0,243;0,376;0,403;0,007
"alimentação";0,243;0,376;0,403;0,007
"aldeia";0,243;0,376;0,403;0,007
"aicha";0,01;0,376;0,403;0,266
"agrícola";0,243;0,376;0,403;0,007
"afetar";0,243;0,588;0,403;0,153
"adoção";0,243;0,376;0,403;0,007
"administrar";0,243;0,588;0,403;0,153
"aderir";0,937;0,376;0,403;0,153
"adequado";0,243;0,588;0,403;0,153
"acreano";0,01;0,376;0,403;0,266
"acertar";0,243;0,376;0,523;0,153
"abrigar";0,937;0,376;0,403;0,153
"*txt_1136";0;0,115;0,015;0,005
"*txt_1112";0;0;0,1;0,002
"*txt_1117";0;0,055;0,07;0,016
"*txt_1130";0,937;0,049;0,403;0,266
"*txt_1014";0,693;0,019;0;0
"*txt_1016";0;0,074;0,481;0
"*txt_1010";0;0,866;0,021;0,001
"*txt_1011";0;0;0,725;0
"*txt_1013";0,001;0;0,001;0,001
"*txt_1051";0;0,005;0,008;0
"*txt_1055";0;0,019;0,309;0
"*txt_1031";0;0,025;0,034;0,005
"*txt_1072";0,002;0;0,292;0,004
"*txt_1076";0;0,009;0,013;0,004
"*txt_1194";0;0,052;0,02;0,086
"*txt_1039";0;0,013;0,001;0,985
"*txt_1044";0;0,018;0,286;0
"*txt_1083";0,418;0,237;0;0,016
"*txt_1119";0;0,032;0;0
"*txt_1160";0;0,025;0,127;0,005
"*txt_1161";0;0,028;0,011;0,001
"*txt_1085";0;0,082;0,03;0,017
"*txt_1084";0;0,003;0,049;0
"*txt_1147";0;0;0;0
"*txt_1144";0;0,064;0;0
"*txt_1125";0,011;0,018;0,209;0
"*txt_1102";0,714;0,032;0,483;0,004
"*txt_1009";0,017;0,002;0,214;0,16
"*txt_1107";0;0,047;0,224;0,054
"*txt_1104";0,566;0,47;0,261;0,363
"*txt_1003";0,5;0,05;0,629;0,521
"*txt_1002";0,074;0,001;0,201;0,971
"*txt_1005";0,011;0,055;0,07;0
"*txt_1069";0;0,085;0,851;0
"*txt_1027";0,077;0,367;0,3;0,087
"*txt_1026";0,437;0,037;0,653;0,002
"*txt_1023";0;0;0,001;0
"*txt_1047";0;0;0,03;0,033
"*txt_1183";0,002;0,019;0,026;0
"*txt_1063";0;0,721;0,27;0,003
"*txt_1181";0,011;0,927;0,117;0,189
"*txt_1028";0;0;0,003;0
"*txt_1184";0,177;0,147;0,755;0,853
"*gr_02";1;1;1;1
"*txt_1095";0,064;0,673;0;0,006
"*txt_1170";0,001;0,253;0,28;0,15
"*txt_1090";0;0,003;0;0
"*txt_1154";0;0;0,077;0
"*txt_1041";0;0,045;0;0
"*txt_1152";0,5;0,05;0,629;0,521
