"";"banalfreq";"X.gr_01";"X.gr_02"
"prazo";14;-0,6523;0,6523
"estrangeiro";30;-0,7546;0,7546
"atingir";24;1,0454;-1,0454
"judicial";23;-0,5147;0,5147
"nascer";28;-0,3494;0,3494
"explorar";11;0,5087;-0,5087
"peça";16;-0,7455;0,7455
"criança";92;0,6507;-0,6507
"custar";11;1,0303;-1,0303
"comemorar";11;-0,5125;0,5125
"evidência";10;-0,4659;0,4659
"destruir";11;1,0303;-1,0303
"adquirir";11;-0,1611;0,1611
"seleção";23;-1,0717;1,0717
"crítica";11;-0,5125;0,5125
"milhar";13;1,4426;-1,4426
"sede";14;0,7844;-0,7844
"preferir";16;-0,2964;0,2964
"sentir";37;1,1167;-1,1167
"realidade";12;-0,5591;0,5591
"vara";11;-0,1611;0,1611
"surgir";14;1,332;-1,332
"necessário";30;-0,1971;0,1971
"brasileiro";95;0,9983;-0,9983
"abordar";13;-0,2126;0,2126
"até";192;-0,6213;0,6213
"urbano";13;-0,6057;0,6057
"reginaldo";11;-0,1611;0,1611
"beleza";11;-0,5125;0,5125
"bater";28;0,2575;-0,2575
"ato";16;-0,2964;0,2964
"deixar";101;-1,7106;1,7106
"adotar";14;-0,6523;0,6523
"interpretar";11;1,7069;-1,7069
"compromisso";21;-0,9785;0,9785
"início";34;-0,5033;0,5033
"este";51;-1,0122;1,0122
"esta";22;-0,482;0,482
"reportagem";26;-0,3022;0,3022
"longo";71;-1,6967;1,6967
"receber";103;0,7926;-0,7926
"agressivo";13;0,4122;-0,4122
"conceder";11;-0,1611;0,1611
"cabeçalho";10;-0,4659;0,4659
"aceitar";16;0,3057;-0,3057
"equipamento";27;-1,2581;1,2581
"professor";30;-0,1971;0,1971
"rico";11;0,5087;-0,5087
"repórter";16;0,3057;-0,3057
"ótimo";11;-0,1611;0,1611
"policial";79;-1,9872;1,9872
"diferença";13;-0,2126;0,2126
"novembro";24;0,3496;-0,3496
"preço";13;-0,2126;0,2126
"mandar";22;0,7459;-0,7459
"doméstico";10;-0,4659;0,4659
"tarefa";14;0,7844;-0,7844
"medida";38;-1,046;1,046
"risco";38;1,9101;-1,9101
"linguagem";11;-0,5125;0,5125
"adolescente";21;0,4414;-0,4414
"formar";12;0,9382;-0,9382
"discurso";21;-0,9785;0,9785
"cobrir";16;0,3057;-0,3057
"resto";10;-0,4659;0,4659
"roteiro";13;-0,6057;0,6057
"homenagem";10;1,1356;-1,1356
"algum";141;0,7285;-0,7285
"deputado";10;-0,4659;0,4659
"destacar";22;1,1807;-1,1807
"municipal";20;-0,9319;0,9319
"esconder";14;1,332;-1,332
"complexo";14;0,7844;-0,7844
"maneira";54;-1,6641;1,6641
"muita";106;-1,4524;1,4524
"conhecido";37;1,1167;-1,1167
"o";4611;0,3673;-0,3673
"sob";35;-0,2863;0,2863
"som";10;-0,137;0,137
"novo";189;-0,9032;0,9032
"tela";13;-0,6057;0,6057
"altitude";14;0,3724;-0,3724
"vontade";13;-0,2126;0,2126
"seguir";66;-0,7308;0,7308
"peso";10;0,5677;-0,5677
"cumprir";11;0,5087;-0,5087
"150";12;0,4573;-0,4573
"série";37;-0,3256;0,3256
"condenar";26;0,2999;-0,2999
"moderno";15;-0,6989;0,6989
"modelo";11;-0,5125;0,5125
"intervenção";11;-0,5125;0,5125
"time";48;-1,428;1,428
"inteiro";16;0,6613;-0,6613
"entrevista";37;-0,5862;0,5862
"skate";36;-0,9718;0,9718
"corpo";52;0,3592;-0,3592
"ver";197;-0,6894;0,6894
"vez";161;-0,3742;0,3742
"comum";17;0,2775;-0,2775
"minuto";25;0,6091;-0,6091
"irmão";26;-0,3022;0,3022
"querer";147;-0,5883;0,5883
"mudança";39;-1,0835;1,0835
"recentemente";13;0,4122;-0,4122
"militar";29;-0,7193;0,7193
"cabelo";15;0,7196;-0,7196
"emocional";11;1,0303;-1,0303
"positivo";11;-0,1611;0,1611
"saneamento";12;-0,5591;0,5591
"filme";55;-1,7039;1,7039
"visual";13;-0,6057;0,6057
"só";126;-0,3202;0,3202
"tirar";42;0,5988;-0,5988
"trazer";38;-1,7707;1,7707
"bastante";16;-0,2964;0,2964
"colocar";45;0,7732;-0,7732
"litro";16;-0,7455;0,7455
"aproveitar";11;-0,5125;0,5125
"justiça";60;-0,377;0,377
"padrão";20;-0,418;0,418
"natural";21;0,4414;-0,4414
"controlar";12;1,5667;-1,5667
"área";73;-0,6289;0,6289
"acionar";11;1,0303;-1,0303
"si";24;-0,2574;0,2574
"se";801;1,2802;-1,2802
"museu";14;-0,2397;0,2397
"entrada";14;-0,6523;0,6523
"crédito";12;-0,5591;0,5591
"determinar";14;0,3724;-0,3724
"organizar";28;-0,6844;0,6844
"trauma";20;-0,9319;0,9319
"internet";37;1,5228;-1,5228
"porcento";86;-1,2626;1,2626
"brasil";224;0,2895;-0,2895
"ong";12;-0,5591;0,5591
"preparação";11;0,5087;-0,5087
"doação";11;-0,1611;0,1611
"nota";28;0,8248;-0,8248
"29";12;0,4573;-0,4573
"sala";22;0,7459;-0,7459
"olho";18;-0,356;0,356
"estação";22;-1,0251;1,0251
"3";59;1,4675;-1,4675
"disputa";16;-0,7455;0,7455
"descer";10;-0,4659;0,4659
"constelação";16;-0,7455;0,7455
"época";39;-0,3669;0,3669
"vender";31;0,4103;-0,4103
"s";17;0,6086;-0,6086
"alcançar";10;-0,137;0,137
"droga";31;-0,2138;0,2138
"entregar";16;-0,2964;0,2964
"isabella";28;1,2299;-1,2299
"título";11;-0,1611;0,1611
"orientação";12;0,4573;-0,4573
"fim";47;-0,8849;0,8849
"fama";10;-0,4659;0,4659
"ouvido";13;0,4122;-0,4122
"putin";11;-0,1611;0,1611
"oportunidade";17;0,2775;-0,2775
"costa";20;-0,1758;0,1758
"processamento";11;-0,5125;0,5125
"processo";59;-0,2174;0,2174
"ocupação";22;-1,0251;1,0251
"categoria";12;-0,5591;0,5591
"solução";21;-0,9785;0,9785
"cujo";11;-0,1611;0,1611
"líder";11;-0,5125;0,5125
"definir";15;-0,6989;0,6989
"hoje";104;-0,4227;0,4227
"ouro";12;-0,5591;0,5591
"mensal";11;-0,5125;0,5125
"diretor";43;-0,4548;0,4548
"dormir";10;-0,137;0,137
"completo";15;0,7196;-0,7196
"rússia";23;0,6968;-0,6968
"esforço";11;-0,1611;0,1611
"estúdio";16;-0,2964;0,2964
"mundo";116;0,8881;-0,8881
"getúlio";26;0,2999;-0,2999
"relação";64;-1,4494;1,4494
"pesquisa";26;0,2999;-0,2999
"oito";23;-0,5147;0,5147
"original";11;-0,1611;0,1611
"rapaz";10;1,8673;-1,8673
"tv";35;1,2255;-1,2255
"aplicar";16;1,1428;-1,1428
"jatobá";11;0,5087;-0,5087
"coração";13;0,4122;-0,4122
"reconhecer";13;-0,6057;0,6057
"hash";10;-0,4659;0,4659
"agressividade";12;-0,1864;0,1864
"via";17;-0,3259;0,3259
"vir";93;-0,4124;0,4124
"horário";14;0,3724;-0,3724
"reunião";11;-0,1611;0,1611
"silva";25;-0,5815;0,5815
"obrigar";16;-0,2964;0,2964
"diferente";70;-1,1847;1,1847
"6";20;-0,418;0,418
"visão";10;-0,4659;0,4659
"ponte";13;0,4122;-0,4122
"impacto";17;-0,7921;0,7921
"facção";10;-0,4659;0,4659
"não";1157;0,455;-0,455
"plano";26;-0,6154;0,6154
"fundamental";25;-0,5815;0,5815
"francês";26;-1,2115;1,2115
"papel";26;0,2999;-0,2999
"passagem";12;-0,5591;0,5591
"buscar";18;-0,8387;0,8387
"parceria";18;-0,8387;0,8387
"subir";14;-0,2397;0,2397
"fossar";29;-0,7193;0,7193
"nossa";45;-1,3118;1,3118
"nosso";69;1,054;-1,054
"armamento";11;-0,5125;0,5125
"influenciar";14;0,3724;-0,3724
"aprovar";14;-0,6523;0,6523
"avenida";31;-1,4445;1,4445
"nome";40;-1,1211;1,1211
"contra";84;1,6643;-1,6643
"talvez";27;-0,6497;0,6497
"indústria";10;0,5677;-0,5677
"birri";25;-1,1649;1,1649
"revelar";29;1,6288;-1,6288
"tentar";85;0,8166;-0,8166
"sentar";20;-0,418;0,418
"defender";26;-0,3022;0,3022
"autista";16;-0,7455;0,7455
"assumir";14;-0,2397;0,2397
"córrego";24;-1,1183;1,1183
"seu";307;1,2031;-1,2031
"ser";2726;-0,6854;0,6854
"supermercado";14;-0,2397;0,2397
"sem";133;-0,4006;0,4006
"ninguém";29;0,7782;-0,7782
"pagar";37;-1,0088;1,0088
"europa";10;1,1356;-1,1356
"agente";28;-0,3494;0,3494
"belo";23;-1,0717;1,0717
"interessante";11;-0,5125;0,5125
"imaginar";17;-0,7921;0,7921
"conjunto";13;-0,6057;0,6057
"guardar";10;-0,137;0,137
"formato";13;-0,6057;0,6057
"impedir";15;-0,2677;0,2677
"geralmente";10;-0,137;0,137
"livro_razão";10;-0,4659;0,4659
"moto";24;1,0454;-1,0454
"voz";10;-0,137;0,137
"campanha";16;-0,2964;0,2964
"próprio";97;0,3987;-0,3987
"doar";11;1,7069;-1,7069
"vargas";17;1,0613;-1,0613
"euro";18;0,2523;-0,2523
"conversar";25;0,3237;-0,3237
"ajudar";49;-0,3627;0,3627
"tomar";47;0,7055;-0,7055
"tragédia";16;-0,2964;0,2964
"demanda";12;-0,5591;0,5591
"d";10;0,5677;-0,5677
"alexandra";16;-0,7455;0,7455
"alexandre";16;-0,2964;0,2964
"memória";10;-0,4659;0,4659
"aquele";52;-0,4205;0,4205
"aquela";36;-1,6775;1,6775
"transtorno";11;-0,5125;0,5125
"emocionar";10;1,8673;-1,8673
"idade";24;1,526;-1,526
"jeito";13;-0,6057;0,6057
"anterior";13;-0,6057;0,6057
"dois";180;-0,603;0,603
"integrar";11;-0,5125;0,5125
"terrorista";29;-1,3513;1,3513
"estabelecer";10;-0,4659;0,4659
"escolher";15;0,3371;-0,3371
"up";14;-0,6523;0,6523
"um";1472;1,6744;-1,6744
"salário";21;-0,4497;0,4497
"estilo";18;0,5608;-0,5608
"diverso";50;1,5651;-1,5651
"imprensa";21;0,7989;-0,7989
"pagamento";15;-0,6989;0,6989
"elemento";17;-0,7921;0,7921
"ataque";43;-0,7617;0,7617
"extremamente";13;-0,6057;0,6057
"filósofo";12;1,5667;-1,5667
"roubar";21;0,4414;-0,4414
"leonardo";15;-0,6989;0,6989
"difícil";44;0,5409;-0,5409
"camada";12;-0,5591;0,5591
"lei";41;-0,2263;0,2263
"atrair";14;-0,6523;0,6523
"oficial";28;0,8248;-0,8248
"agência";22;-0,482;0,482
"causar";24;1,526;-1,526
"londres";25;0,9846;-0,9846
"menina";43;0,5691;-0,5691
"menino";19;0,5174;-0,5174
"período";21;-0,1951;0,1951
"cliente";28;0,2575;-0,2575
"roda";10;0,5677;-0,5677
"quilômetro";17;-0,7921;0,7921
"estudar";28;-0,3494;0,3494
"associação";10;-0,137;0,137
"animal";10;0,5677;-0,5677
"capacidade";24;-0,5479;0,5479
"pergunta";10;-0,4659;0,4659
"especial";28;-0,6844;0,6844
"isso";289;-1,4404;1,4404
"classe";13;-0,2126;0,2126
"contato";19;-0,3867;0,3867
"méxico";11;-0,5125;0,5125
"volta";30;-0,3988;0,3988
"econômico";25;-0,2795;0,2795
"2018";12;-0,5591;0,5591
"2015";44;0,5409;-0,5409
"2014";13;0,4122;-0,4122
"2016";44;0,3296;-0,3296
"empatia";14;-0,6523;0,6523
"2010";11;0,5087;-0,5087
"2013";17;1,0613;-1,0613
"2012";25;0,6091;-0,6091
"nada";62;1,6762;-1,6762
"gritar";13;0,4122;-0,4122
"veículo";40;0,4143;-0,4143
"bar";13;-0,2126;0,2126
"comprar";23;-0,5147;0,5147
"contrário";18;0,2523;-0,2523
"caminhão";20;0,8564;-0,8564
"além";116;-0,6084;0,6084
"hídrico";24;-1,1183;1,1183
"tempo";117;-0,4602;0,4602
"cuidado";14;1,332;-1,332
"david";11;-0,5125;0,5125
"festival";15;-0,6989;0,6989
"guerra";27;-0,6497;0,6497
"haver";320;-0,4438;0,4438
"modalidade";13;-0,6057;0,6057
"criminoso";25;-0,5815;0,5815
"roberto";23;0,3776;-0,3776
"legislação";10;-0,4659;0,4659
"exército";19;0,5174;-0,5174
"documento";18;0,2523;-0,2523
"serviço";46;0,4885;-0,4885
"trás";14;1,332;-1,332
"marcar";21;-0,4497;0,4497
"principal";46;-0,3083;0,3083
"terminar";21;-0,4497;0,4497
"tudo";141;1,0978;-1,0978
"familiar";37;-1,7241;1,7241
"autor";36;-0,9718;0,9718
"perdido";11;-0,5125;0,5125
"parque";22;-1,0251;1,0251
"posse";10;-0,4659;0,4659
"mínimo";29;-1,3513;1,3513
"equipa";45;-1,3118;1,3118
"2017";51;0,3782;-0,3782
"romance";12;-0,5591;0,5591
"manancial";14;-0,6523;0,6523
"momento";108;0,378;-0,378
"nacional";65;-1,0354;1,0354
"usuário";18;-0,8387;0,8387
"crise";23;-1,0717;1,0717
"análise";19;-0,8853;0,8853
"sábado";15;-0,2677;0,2677
"frança";21;-0,9785;0,9785
"pernambuco";16;0,3057;-0,3057
"edição";10;0,5677;-0,5677
"banco";29;-1,3513;1,3513
"dezembro";17;-0,3259;0,3259
"lidar";28;-1,3047;1,3047
"decreto";12;0,4573;-0,4573
"fiscal";17;1,6258;-1,6258
"abastecimento";10;-0,4659;0,4659
"transporte";12;-0,1864;0,1864
"sambar";12;-0,5591;0,5591
"colega";16;1,7398;-1,7398
"tão";38;0,2602;-0,2602
"coisa";119;0,6425;-0,6425
"quarto";42;-0,4322;0,4322
"rural";18;-0,356;0,356
"retirar";20;0,4777;-0,4777
"afirmar";102;0,4654;-0,4654
"quadrado";20;-0,9319;0,9319
"exibir";20;-0,1758;0,1758
"fogo";16;1,7398;-1,7398
"hora";60;-0,5904;0,5904
"total";19;-0,3867;0,3867
"continuar";34;-0,5033;0,5033
"custo";16;-0,7455;0,7455
"jornalista";28;1,2299;-1,2299
"ordem";16;-0,7455;0,7455
"passado";52;-1,5849;1,5849
"neto";31;0,4103;-0,4103
"sensação";10;-0,137;0,137
"teatro";18;-0,356;0,356
"proteção";24;-1,1183;1,1183
"contemporâneo";12;-0,5591;0,5591
"valor";32;-0,826;0,826
"contador";10;0,5677;-0,5677
"perguntar";11;-0,1611;0,1611
"promover";16;0,3057;-0,3057
"carlos";23;-0,5147;0,5147
"procurar";43;0,3491;-0,3491
"logo";30;-0,1971;0,1971
"televisão";12;-0,5591;0,5591
"forte";27;0,5334;-0,5334
"realizar";48;0,2618;-0,2618
"john";10;1,1356;-1,1356
"órgão";15;0,3371;-0,3371
"julho";12;-0,1864;0,1864
"grave";18;0,2523;-0,2523
"responder";25;-0,5815;0,5815
"reserva";18;-0,356;0,356
"prédio";31;0,4103;-0,4103
"de";10461;-0,9778;0,9778
"propriedade";16;-0,2964;0,2964
"jovem";84;0,6336;-0,6336
"olhar";31;-0,7902;0,7902
"sentido";22;-1,0251;1,0251
"frequência";12;0,9382;-0,9382
"dividir";11;0,5087;-0,5087
"autorização";10;-0,137;0,137
"montanha";12;-0,1864;0,1864
"termo";12;-0,5591;0,5591
"com";1308;-0,9798;0,9798
"jogador";37;-1,7241;1,7241
"saída";13;-0,6057;0,6057
"observar";23;-0,5147;0,5147
"assegurar";16;0,3057;-0,3057
"metade";10;-0,4659;0,4659
"função";20;-0,9319;0,9319
"ratton";19;-0,8853;0,8853
"evitar";38;-0,3461;0,3461
"aéreo";12;1,5667;-1,5667
"aluguel";12;-0,5591;0,5591
"depois";145;-0,7269;0,7269
"recurso";56;-0,5028;0,5028
"campo";44;-1,2733;1,2733
"coragem";10;-0,137;0,137
"antes";68;-1,1243;1,1243
"oliveira";21;-0,9785;0,9785
"torcer";20;-0,9319;0,9319
"perigoso";10;0,5677;-0,5677
"específico";12;-0,5591;0,5591
"comigo";16;-0,2964;0,2964
"humor";12;-0,5591;0,5591
"queda";15;0,3371;-0,3371
"questão";68;-0,526;0,526
"moeda";11;-0,5125;0,5125
"esposo";14;0,7844;-0,7844
"conversa";16;-0,7455;0,7455
"prefeitura";13;-0,6057;0,6057
"ácido";10;-0,4659;0,4659
"ganhar";46;-0,3083;0,3083
"inclusive";21;0,7989;-0,7989
"esquecer";11;1,0303;-1,0303
"palestra";15;-0,2677;0,2677
"zona";29;-1,3513;1,3513
"muito";294;-1,3271;1,3271
"funcionar";22;-0,2152;0,2152
"espécie";30;0,438;-0,438
"aula";13;-0,6057;0,6057
"joão";23;-0,2359;0,2359
"revista";11;0,5087;-0,5087
"participar";40;-0,6725;0,6725
"telejornal";13;-0,6057;0,6057
"maravilhoso";10;0,5677;-0,5677
"discutir";15;0,3371;-0,3371
"mudar";56;-1,1765;1,1765
"participação";21;-0,4497;0,4497
"ônibus";17;0,2775;-0,2775
"italiano";23;1,1106;-1,1106
"market";10;-0,4659;0,4659
"prova";10;-0,137;0,137
"ministério";33;-0,8621;0,8621
"diálogo";12;-0,5591;0,5591
"instituição";26;-1,2115;1,2115
"pequeno";51;-0,6489;0,6489
"você";211;-0,3722;0,3722
"dúvida";14;-0,6523;0,6523
"perder";56;1,2649;-1,2649
"recente";21;-0,4497;0,4497
"ligar";23;0,3776;-0,3776
"perda";26;-0,3022;0,3022
"desde";80;-0,5479;0,5479
"em";4567;-0,3177;0,3177
"el";10;-0,4659;0,4659
"mulher";191;0,7852;-0,7852
"eu";339;-1,9263;1,9263
"precisar";96;-0,4578;0,4578
"munição";15;-0,6989;0,6989
"cara";19;0,5174;-0,5174
"coletivo";11;-0,5125;0,5125
"investimento";20;-0,9319;0,9319
"reação";12;0,9382;-0,9382
"objectivo";26;0,5699;-0,5699
"disputar";10;-0,4659;0,4659
"graça";15;0,3371;-0,3371
"identificar";35;-0,2863;0,2863
"verde";14;-0,6523;0,6523
"pedreira";10;-0,4659;0,4659
"lhe";13;0,4122;-0,4122
"internacional";25;0,6091;-0,6091
"ressaltar";23;-0,5147;0,5147
"contar";153;-1,087;1,087
"estar";771;0,4018;-0,4018
"manifestar";17;-0,7921;0,7921
"ambiente";46;-0,5249;0,5249
"seguida";14;0,3724;-0,3724
"episódio";17;-0,3259;0,3259
"ambiental";20;-0,418;0,418
"bitcoins";12;-0,5591;0,5591
"característica";17;-0,7921;0,7921
"habitante";20;-0,9319;0,9319
"conseguir";124;1,3374;-1,3374
"vista";26;0,2999;-0,2999
"andamento";10;-0,4659;0,4659
"taxa";20;-0,1758;0,1758
"real";28;0,8248;-0,8248
"lado";53;0,3411;-0,3411
"máximo";13;-0,2126;0,2126
"virar";18;-0,356;0,356
"chefe";10;-0,137;0,137
"central";15;-0,6989;0,6989
"ocupar";16;-0,7455;0,7455
"transformar";25;-0,5815;0,5815
"fugir";17;-0,3259;0,3259
"sexta_feira";14;-0,2397;0,2397
"previdência";19;-0,8853;0,8853
"juiz";21;-0,9785;0,9785
"registro";13;-0,6057;0,6057
"sucesso";16;-0,7455;0,7455
"pior";12;-0,1864;0,1864
"famoso";24;0,6513;-0,6513
"correr";25;0,3237;-0,3237
"inquérito";10;-0,137;0,137
"cientista";12;0,9382;-0,9382
"coordenador";19;-0,8853;0,8853
"mundial";28;0,2575;-0,2575
"música";27;0,5334;-0,5334
"tradicional";13;-0,6057;0,6057
"intenção";13;-0,2126;0,2126
"governador";15;-0,6989;0,6989
"roupa";11;-0,1611;0,1611
"fé";10;-0,137;0,137
"a";5443;-1,0523;1,0523
"convencer";11;-0,1611;0,1611
"paulo";89;-1,7928;1,7928
"demorar";11;0,5087;-0,5087
"todo";311;-0,3012;0,3012
"somente";30;1,5521;-1,5521
"7";27;0,5334;-0,5334
"base";15;-0,2677;0,2677
"suficiente";10;-0,137;0,137
"aguardar";13;-0,2126;0,2126
"brasília";16;0,3057;-0,3057
"país";140;-0,6456;0,6456
"fevereiro";12;-0,1864;0,1864
"qualidade";34;0,9;-0,9
"hotel";20;1,3376;-1,3376
"desafio";15;-0,2677;0,2677
"minha";98;-1,2334;1,2334
"setor";25;1,4447;-1,4447
"certo";43;-0,4548;0,4548
"passo";17;0,2775;-0,2775
"quem";116;-0,3191;0,3191
"eletrônico";11;-0,1611;0,1611
"lacovara";11;-0,5125;0,5125
"chão";16;0,3057;-0,3057
"cultura";31;-0,2138;0,2138
"parecer";39;-0,3669;0,3669
"morador";28;-0,3494;0,3494
"século";13;0,4122;-0,4122
"cotidiano";10;-0,4659;0,4659
"pessoal";22;1,7062;-1,7062
"chegar";134;0,6942;-0,6942
"regra";19;0,2295;-0,2295
"cantar";15;-0,2677;0,2677
"reduzir";22;-0,2152;0,2152
"acolher";11;-0,5125;0,5125
"vilarejo";11;-0,5125;0,5125
"conter";16;1,1428;-1,1428
"prevenção";15;-0,6989;0,6989
"construção";19;0,5174;-0,5174
"000";10;1,8673;-1,8673
"escolha";10;-0,4659;0,4659
"trabalhador";14;0,3724;-0,3724
"localizar";25;1,4447;-1,4447
"apresentar";53;0,3411;-0,3411
"ocorrer";61;0,5555;-0,5555
"marco";14;-0,6523;0,6523
"marca";33;-1,5377;1,5377
"popular";18;-0,8387;0,8387
"mercadoria";12;-0,1864;0,1864
"parado";10;1,1356;-1,1356
"economia";14;-0,2397;0,2397
"permitir";44;-0,2742;0,2742
"autoridade";23;0,3776;-0,3776
"gratuito";11;-0,5125;0,5125
"rua";61;-0,3945;0,3945
"tocar";17;0,2775;-0,2775
"língua";16;0,3057;-0,3057
"bloco";37;-1,7241;1,7241
"70";12;-0,1864;0,1864
"funcionamento";11;-0,5125;0,5125
"legítimo";10;-0,4659;0,4659
"sinal";12;-0,5591;0,5591
"preocupação";18;-0,8387;0,8387
"governo";65;-0,4677;0,4677
"tamanho";12;-0,1864;0,1864
"circuito";13;1,4426;-1,4426
"proteger";15;-0,2677;0,2677
"adulto";10;-0,137;0,137
"lembrar";33;-0,249;0,249
"manhattan";12;-0,5591;0,5591
"contratar";14;0,7844;-0,7844
"william";10;0,5677;-0,5677
"pretender";15;-0,6989;0,6989
"visita";12;0,4573;-0,4573
"perna";10;0,5677;-0,5677
"e";3399;1,5147;-1,5147
"facebook";10;1,8673;-1,8673
"organização";18;-0,356;0,356
"atacar";16;0,3057;-0,3057
"acidente";23;-0,2359;0,2359
"envolvido";16;-0,2964;0,2964
"relacionamento";10;-0,137;0,137
"claro";30;-0,7546;0,7546
"violento";19;-0,3867;0,3867
"coleta";15;-0,6989;0,6989
"blockchain";37;-1,7241;1,7241
"espírito";15;1,2326;-1,2326
"trocar";15;-0,6989;0,6989
"ferida";13;0,4122;-0,4122
"gosto";19;0,2295;-0,2295
"sessão";15;-0,6989;0,6989
"alguém";23;1,1106;-1,1106
"senhor";26;0,9278;-0,9278
"modo";20;-0,1758;0,1758
"causa";36;0,5205;-0,5205
"jogar";39;0,2438;-0,2438
"junho";13;-0,2126;0,2126
"maílson";18;-0,8387;0,8387
"final";36;-0,5582;0,5582
"mariana";14;-0,6523;0,6523
"quando";240;0,4953;-0,4953
"bem";128;-1,692;1,692
"mês";86;1,5798;-1,5798
"sp";17;0,2775;-0,2775
"cima";11;0,5087;-0,5087
"tornar";41;-1,1589;1,1589
"infância";11;-0,1611;0,1611
"atuar";24;-0,5479;0,5479
"tiro";19;0,9189;-0,9189
"atual";28;-1,3047;1,3047
"namorado";10;1,1356;-1,1356
"grau";12;-0,1864;0,1864
"agressor";14;-0,6523;0,6523
"gênero";23;-0,5147;0,5147
"médio";21;0,4414;-0,4414
"escrever";42;1,2327;-1,2327
"humano";38;1,9101;-1,9101
"futebol";50;-0,98;0,98
"luz";14;0,7844;-0,7844
"frente";29;0,2387;-0,2387
"aqui";56;-0,5028;0,5028
"limite";16;0,6613;-0,6613
"emoção";11;-0,5125;0,5125
"paraguai";10;-0,4659;0,4659
"chamar";38;0,2602;-0,2602
"possibilidade";29;0,2387;-0,2387
"iozzi";10;-0,4659;0,4659
"espanha";10;0,5677;-0,5677
"mesmo";198;-1,0583;1,0583
"possível";67;-1,0945;1,0945
"parte";107;-0,6418;0,6418
"estado";152;-1,3254;1,3254
"adorar";13;0,8568;-0,8568
"temer";12;0,4573;-0,4573
"físico";16;-0,2964;0,2964
"40";28;-0,3494;0,3494
"lauren";10;-0,4659;0,4659
"vida";136;1,2266;-1,2266
"aeronave";17;-0,3259;0,3259
"fechar";20;-0,1758;0,1758
"amplo";11;-0,5125;0,5125
"investigar";19;-0,3867;0,3867
"motivo";22;0,4082;-0,4082
"preconceito";14;-0,6523;0,6523
"torcido";14;-0,6523;0,6523
"usar";76;1,3732;-1,3732
"mudo";13;-0,6057;0,6057
"artista";34;0,3375;-0,3375
"pistola";14;-0,2397;0,2397
"questionar";19;-0,3867;0,3867
"parede";10;0,5677;-0,5677
"norte";30;0,7343;-0,7343
"helicóptero";18;-0,8387;0,8387
"começo";18;-0,8387;0,8387
"sempre";102;-1,0188;1,0188
"etapa";16;-0,7455;0,7455
"apesar";25;-0,2795;0,2795
"agir";11;-0,1611;0,1611
"ingrediente";10;-0,4659;0,4659
"benefício";15;1,8653;-1,8653
"faixa";23;-0,5147;0,5147
"percorrer";12;-0,5591;0,5591
"presente";21;0,7989;-0,7989
"frango";11;1,7069;-1,7069
"exigir";17;-0,3259;0,3259
"reforma";31;-0,7902;0,7902
"utilização";15;-0,6989;0,6989
"segurança";74;0,471;-0,471
"sírio";23;-0,2359;0,2359
"cadeia";11;-0,5125;0,5125
"prioridade";14;-0,6523;0,6523
"andré";13;-0,6057;0,6057
"tipo";82;1,4366;-1,4366
"ferido";12;-0,5591;0,5591
"sobre";229;-0,5582;0,5582
"água";145;-0,7269;0,7269
"100";33;-1,5377;1,5377
"acesso";24;-0,5479;0,5479
"cidade";124;1,1073;-1,1073
"estrutura";15;-0,2677;0,2677
"morar";47;-0,549;0,549
"moral";16;-0,7455;0,7455
"marido";18;-0,356;0,356
"arma";69;-0,8047;0,8047
"pacto";14;-0,6523;0,6523
"melhorar";20;-0,418;0,418
"rio";85;-1,2341;1,2341
"desfilar";10;-0,4659;0,4659
"união";11;-0,1611;0,1611
"nós";52;-1,5849;1,5849
"titular";12;-0,5591;0,5591
"psicológico";13;-0,2126;0,2126
"alegre";33;-0,8621;0,8621
"delegacia";35;0,3163;-0,3163
"comunidade";31;-0,4242;0,4242
"mensagem";17;0,6086;-0,6086
"escapar";10;-0,137;0,137
"foto";36;0,5205;-0,5205
"três";82;-1,1495;1,1495
"entrar";69;-0,3578;0,3578
"assalto";10;-0,4659;0,4659
"grade";10;-0,137;0,137
"formação";12;-0,1864;0,1864
"bonito";18;-0,356;0,356
"2";44;0,3296;-0,3296
"gerar";18;-0,356;0,356
"abril";10;0,5677;-0,5677
"redação";14;-0,6523;0,6523
"abrir";25;0,9846;-0,9846
"geral";29;-0,3738;0,3738
"mina";13;0,4122;-0,4122
"gabriela";23;-1,0717;1,0717
"regular";12;0,4573;-0,4573
"dor";19;-0,3867;0,3867
"leitura";20;-0,418;0,418
"delegado";29;-0,3738;0,3738
"anunciar";17;-0,3259;0,3259
"principalmente";25;1,4447;-1,4447
"suspeito";18;-0,356;0,356
"suspeita";13;0,4122;-0,4122
"sair";84;-0,4329;0,4329
"futuro";25;0,3237;-0,3237
"falar";137;0,3744;-0,3744
"apresentação";14;-0,2397;0,2397
"concluir";17;0,2775;-0,2775
"setembro";11;-0,5125;0,5125
"proteína";10;1,8673;-1,8673
"usado";45;-0,291;0,291
"pista";33;-0,8621;0,8621
"encontrar";114;0,3051;-0,3051
"servir";26;1,8872;-1,8872
"ir";1153;1,2357;-1,2357
"residência";10;-0,137;0,137
"livre";20;-0,9319;0,9319
"estadual";29;-1,3513;1,3513
"triste";10;0,5677;-0,5677
"produzir";28;-0,6844;0,6844
"programa";56;-0,5028;0,5028
"personagem";25;-1,1649;1,1649
"conflito";17;-0,7921;0,7921
"borges";10;0,5677;-0,5677
"jornalismo";27;-1,2581;1,2581
"esporte";21;-0,4497;0,4497
"assim";91;-0,7699;0,7699
"negar";11;0,5087;-0,5087
"apontar";43;-0,7617;0,7617
"bola";12;-0,5591;0,5591
"aumento";10;-0,4659;0,4659
"trabalho";116;0,2837;-0,2837
"tecnologia";30;-0,7546;0,7546
"erro";12;-0,5591;0,5591
"baixo";25;-1,1649;1,1649
"metropolitano";10;-0,4659;0,4659
"condição";47;-0,549;0,549
"tarde";28;0,2575;-0,2575
"atividade";26;0,2999;-0,2999
"produto";50;1,5651;-1,5651
"digital";10;-0,4659;0,4659
"alerta";14;1,332;-1,332
"russo";22;0,4082;-0,4082
"captação";11;-0,5125;0,5125
"menos";63;0,3349;-0,3349
"0";17;-0,3259;0,3259
"sustentável";11;-0,5125;0,5125
"mg";15;-0,6989;0,6989
"dia";216;0,6777;-0,6777
"cozinha";10;-0,4659;0,4659
"agosto";16;-0,7455;0,7455
"viagem";31;-1,4445;1,4445
"instituto";19;1,4258;-1,4258
"bom";108;-0,8849;0,8849
"realmente";13;-0,6057;0,6057
"enorme";14;0,3724;-0,3724
"cérebro";12;0,4573;-0,4573
"mau";11;-0,5125;0,5125
"mal";25;0,3237;-0,3237
"sofrer";56;0,4657;-0,4657
"treinamento";10;-0,137;0,137
"mais";583;-1,0638;1,0638
"maio";16;-0,2964;0,2964
"significar";11;1,0303;-1,0303
"janeiro";28;-0,3494;0,3494
"fazer";505;-0,7112;0,7112
"departamento";13;-0,2126;0,2126
"chave";16;1,1428;-1,1428
"org";12;-0,5591;0,5591
"acrescentar";12;0,4573;-0,4573
"registrar";29;-0,3738;0,3738
"atuação";12;-0,5591;0,5591
"rachel";10;-0,4659;0,4659
"nascimento";10;-0,4659;0,4659
"diagnosticar";14;0,7844;-0,7844
"broadcast";13;-0,6057;0,6057
"subterrâneo";13;-0,2126;0,2126
"10";54;0,7464;-0,7464
"13";20;-0,1758;0,1758
"12";33;0,6179;-0,6179
"15";44;0,8094;-0,8094
"número";48;0,2618;-0,2618
"17";15;1,8653;-1,8653
"16";17;0,2775;-0,2775
"19";20;-0,1758;0,1758
"18";16;0,6613;-0,6613
"pegar";33;0,3602;-0,3602
"princípio";11;-0,5125;0,5125
"aumentar";20;0,4777;-0,4777
"unidade";17;-0,7921;0,7921
"convidar";12;-0,1864;0,1864
"interior";18;0,2523;-0,2523
"200";22;-0,2152;0,2152
"normal";17;0,2775;-0,2775
"digno";11;-0,5125;0,5125
"corrente";11;-0,5125;0,5125
"show";27;0,2778;-0,2778
"preciso";32;-1,4911;1,4911
"população";32;-0,2311;0,2311
"stand";14;-0,6523;0,6523
"já";256;-0,5136;0,5136
"razão";24;0,3496;-0,3496
"chuva";11;-0,1611;0,1611
"certeza";14;0,7844;-0,7844
"proposta";18;-0,356;0,356
"achar";99;-1,2602;1,2602
"quadro";12;-0,5591;0,5591
"crescimento";20;-0,418;0,418
"garoto";11;0,5087;-0,5087
"arte";53;-1,6245;1,6245
"acre";11;1,0303;-1,0303
"partida";15;-0,6989;0,6989
"quatro";36;-0,5582;0,5582
"paz";11;0,5087;-0,5087
"pai";96;0,2859;-0,2859
"então";95;-0,4424;0,4424
"necessariamente";10;-0,4659;0,4659
"perto";31;0,4103;-0,4103
"4";30;-0,1971;0,1971
"viver";91;-0,2581;0,2581
"compreender";11;0,5087;-0,5087
"atender";24;-0,5479;0,5479
"sambalanço";10;-0,4659;0,4659
"empresa";139;0,7664;-0,7664
"pessoa";294;0,9842;-0,9842
"responsabilidade";10;-0,4659;0,4659
"advogado";31;-0,2138;0,2138
"interesse";15;-0,6989;0,6989
"universidade";22;-0,2152;0,2152
"11";28;0,2575;-0,2575
"nível";18;-0,8387;0,8387
"gol";17;-0,7921;0,7921
"papelão";15;-0,6989;0,6989
"vila";21;-0,1951;0,1951
"viajar";10;-0,137;0,137
"14";21;-0,1951;0,1951
"fuzil";29;-1,3513;1,3513
"clássico";18;-0,8387;0,8387
"decisão";22;-0,482;0,482
"comprovar";10;-0,137;0,137
"dificuldade";32;-0,826;0,826
"prever";25;1,4447;-1,4447
"roubo";10;-0,4659;0,4659
"incluir";32;0,6544;-0,6544
"criatividade";15;-0,6989;0,6989
"dez";37;-1,7241;1,7241
"ocorrência";16;-0,2964;0,2964
"morto";64;-0,2835;0,2835
"morte";66;1,1645;-1,1645
"pleno";10;1,1356;-1,1356
"distribuir";18;-0,8387;0,8387
"carreira";25;-1,1649;1,1649
"sistema";73;-1,2767;1,2767
"discussão";31;-0,7902;0,7902
"celular";15;1,2326;-1,2326
"24";29;0,2387;-0,2387
"25";19;-0,8853;0,8853
"27";14;-0,2397;0,2397
"20";59;0,6047;-0,6047
"22";29;-0,3738;0,3738
"23";16;-0,2964;0,2964
"pena";21;0,4414;-0,4414
"respeito";15;-0,6989;0,6989
"completar";20;0,4777;-0,4777
"porto";35;-0,2863;0,2863
"porta";18;0,9869;-0,9869
"visitar";13;-0,2126;0,2126
"prefeito";19;-0,8853;0,8853
"britânico";25;0,3237;-0,3237
"analisar";12;-0,1864;0,1864
"verdade";37;-1,7241;1,7241
"secretaria";22;-1,0251;1,0251
"piloto";30;-1,3979;1,3979
"comando";10;-0,137;0,137
"cada";94;-1,4972;1,4972
"jogo";58;-0,5459;0,5459
"dono";22;0,7459;-0,7459
"retornar";11;1,0303;-1,0303
"importância";13;-0,6057;0,6057
"para";1512;-0,8372;0,8372
"park";16;-0,2964;0,2964
"conhecer";57;0,9171;-0,9171
"esgoto";21;-0,4497;0,4497
"essa";166;-0,8953;0,8953
"permanecer";16;-0,2964;0,2964
"km";15;-0,2677;0,2677
"obstáculo";12;-0,5591;0,5591
"sustentar";11;1,0303;-1,0303
"ruim";15;0,7196;-0,7196
"depender";26;-1,2115;1,2115
"8";23;0,3776;-0,3776
"meio";112;-1,6231;1,6231
"restaurante";20;-0,1758;0,1758
"tender";23;0,3776;-0,3776
"filho";145;0,8202;-0,8202
"andar";39;0,6973;-0,6973
"parar";26;0,5699;-0,5699
"repetir";12;-0,5591;0,5591
"busca";23;0,3776;-0,3776
"entre";174;-0,3068;0,3068
"verificar";13;0,4122;-0,4122
"alternativo";10;-0,137;0,137
"atentado";25;-1,1649;1,1649
"comportamento";26;1,3686;-1,3686
"cuja";12;-0,5591;0,5591
"endereço";12;0,4573;-0,4573
"distribuição";11;-0,5125;0,5125
"mostrar";95;0,5893;-0,5893
"energia";18;0,9869;-0,9869
"eliminar";11;-0,5125;0,5125
"300";11;-0,1611;0,1611
"fechado";19;0,5174;-0,5174
"acompanhar";30;0,7343;-0,7343
"aquilo";23;-0,5147;0,5147
"financeiro";19;-0,8853;0,8853
"poder";415;0,3881;-0,3881
"exposição";16;-0,7455;0,7455
"dinheiro";43;1,5708;-1,5708
"significativo";14;-0,2397;0,2397
"produtor";21;-0,4497;0,4497
"representar";23;-1,0717;1,0717
"malandro";10;-0,137;0,137
"2004";10;-0,4659;0,4659
"manter";42;0,3696;-0,3696
"básico";17;0,2775;-0,2775
"mecanismo";12;-0,5591;0,5591
"geração";19;-0,8853;0,8853
"totalmente";11;1,0303;-1,0303
"operação";32;-0,4501;0,4501
"entender";48;-1,428;1,428
"década";19;-0,8853;0,8853
"luiz";14;1,332;-1,332
"32";12;-0,5591;0,5591
"31";12;0,4573;-0,4573
"30";40;-1,1211;1,1211
"entanto";31;-0,4242;0,4242
"preservação";15;-0,6989;0,6989
"presidente";36;-0,3057;0,3057
"força";26;-0,6154;0,6154
"chamado";41;0,9287;-0,9287
"perceber";33;0,6179;-0,6179
"caminho";27;-0,6497;0,6497
"julgamento";11;0,5087;-0,5087
"valer";32;-1,4911;1,4911
"conferir";15;1,8653;-1,8653
"ideia";55;-0,7539;0,7539
"guariroba";29;-1,3513;1,3513
"falta";35;-0,2863;0,2863
"redução";13;-0,2126;0,2126
"unido";34;-0,2674;0,2674
"paulista";10;-0,4659;0,4659
"tso";12;-0,5591;0,5591
"versão";15;0,3371;-0,3371
"criminal";11;-0,1611;0,1611
"camus";23;-1,0717;1,0717
"dan";14;-0,6523;0,6523
"vencer";16;-0,7455;0,7455
"dar";191;0,9413;-0,9413
"quê";13;-0,2126;0,2126
"atendimento";16;-0,2964;0,2964
"sexual";15;0,3371;-0,3371
"mato";14;-0,2397;0,2397
"que";3508;0,4556;-0,4556
"compra";19;0,5174;-0,5174
"atenção";14;-0,2397;0,2397
"ameaçar";11;-0,1611;0,1611
"próximo";49;-0,3627;0,3627
"transação";17;-0,7921;0,7921
"negro";20;-0,1758;0,1758
"respeitar";11;0,5087;-0,5087
"cabeça";32;-0,2311;0,2311
"atitude";14;-0,2397;0,2397
"mim";31;-0,2138;0,2138
"milhão";52;1,1112;-1,1112
"experiência";24;-0,2574;0,2574
"seguro";23;0,6968;-0,6968
"bunuel";19;-0,8853;0,8853
"controlo";23;-0,2359;0,2359
"normalmente";11;-0,1611;0,1611
"grosso";15;-0,2677;0,2677
"fator";12;-0,1864;0,1864
"agora";67;0,8547;-0,8547
"terça_feira";10;-0,137;0,137
"utilizar";40;-0,6725;0,6725
"manhã";20;1,3376;-1,3376
"ao";449;-1,142;1,142
"produtividade";11;-0,5125;0,5125
"psicopata";28;-1,3047;1,3047
"novela";21;-0,9785;0,9785
"sete";20;-0,1758;0,1758
"resultado";25;-0,2795;0,2795
"antonio";25;-1,1649;1,1649
"executivo";12;-0,5591;0,5591
"noivo";17;-0,7921;0,7921
"reunir";17;-0,7921;0,7921
"teste";12;-0,1864;0,1864
"américa";17;0,6086;-0,6086
"paraíso";11;-0,5125;0,5125
"consumir";10;1,1356;-1,1356
"também";325;1,1936;-1,1936
"desenvolvimento";15;-0,6989;0,6989
"encontro";24;-0,5479;0,5479
"quanto";54;0,7464;-0,7464
"aberto";27;0,2778;-0,2778
"troca";12;-0,1864;0,1864
"espalhar";12;-0,1864;0,1864
"seis";24;-1,1183;1,1183
"povo";11;1,0303;-1,0303
"costumar";14;-0,2397;0,2397
"membro";11;1,0303;-1,0303
"paris";10;-0,4659;0,4659
"casamento";10;-0,4659;0,4659
"casal";41;0,9287;-0,9287
"possuir";21;1,8062;-1,8062
"decidir";35;1,6591;-1,6591
"street";17;-0,7921;0,7921
"enfrentar";21;-0,9785;0,9785
"preparar";20;0,4777;-0,4777
"março";25;-0,2795;0,2795
"lamentar";14;-0,2397;0,2397
"outro";352;-1,1738;1,1738
"gravar";12;0,9382;-0,9382
"musa";15;-0,6989;0,6989
"pouco";73;0,33;-0,33
"me";137;0,2723;-0,2723
"te";17;1,0613;-1,0613
"político";39;0,2438;-0,2438
"atração";11;-0,5125;0,5125
"ambos";12;0,4573;-0,4573
"especializado";10;-0,137;0,137
"quantidade";20;-0,1758;0,1758
"enviar";18;0,5608;-0,5608
"london";12;-0,1864;0,1864
"origem";18;-0,8387;0,8387
"histórico";17;-0,7921;0,7921
"fonte";19;1,4258;-1,4258
"tendência";11;-0,5125;0,5125
"nunca";81;0,5115;-0,5115
"bairro";41;-1,9105;1,9105
"acontecer";110;0,6443;-0,6443
"acima";24;1,0454;-1,0454
"poço";12;-0,5591;0,5591
"movimento";38;-1,7707;1,7707
"bitcoin";30;-1,3979;1,3979
"estrada";24;-0,2574;0,2574
"lançar";19;-0,3867;0,3867
"burger";10;-0,4659;0,4659
"leste";15;-0,6989;0,6989
"crescer";27;0,5334;-0,5334
"bridge";13;-0,2126;0,2126
"uscifrão";31;-0,2138;0,2138
"tributário";17;-0,7921;0,7921
"the";22;-0,2152;0,2152
"companhia";24;1,0454;-1,0454
"escritor";12;-0,5591;0,5591
"bandido";12;-0,5591;0,5591
"manifestação";12;-0,5591;0,5591
"acreditar";47;0,7055;-0,7055
"tratamento";39;0,6973;-0,6973
"alguma";70;1,0194;-1,0194
"renda";10;-0,4659;0,4659
"fóssil";13;-0,6057;0,6057
"pressão";17;0,2775;-0,2775
"resposta";14;0,3724;-0,3724
"conceito";13;-0,2126;0,2126
"esperança";11;0,5087;-0,5087
"fallon";10;-0,4659;0,4659
"proprietário";14;-0,6523;0,6523
"referência";21;-0,9785;0,9785
"antigo";29;0,2387;-0,2387
"afetar";11;1,7069;-1,7069
"dado";35;-0,935;0,935
"lutar";11;-0,1611;0,1611
"necessidade";21;-0,1951;0,1951
"gestão";13;-0,6057;0,6057
"expor";11;-0,5125;0,5125
"ela";324;-0,5735;0,5735
"cultural";18;-0,8387;0,8387
"aprender";27;-1,2581;1,2581
"baleia";11;1,7069;-1,7069
"51";10;0,5677;-0,5677
"50";28;-0,6844;0,6844
"amor";11;0,5087;-0,5087
"clube";17;-0,3259;0,3259
"gostar";32;-0,2311;0,2311
"mão";39;-0,6434;0,6434
"mãe";69;0,7952;-0,7952
"município";29;-1,3513;1,3513
"explicar";52;-0,4205;0,4205
"algo";71;0,7397;-0,7397
"esperar";33;0,3602;-0,3602
"agressão";16;0,3057;-0,3057
"né";11;0,5087;-0,5087
"ajuda";26;-0,3022;0,3022
"lago";18;-0,8387;0,8387
"turista";13;-0,6057;0,6057
"devido";19;1,4258;-1,4258
"plataforma";12;-0,5591;0,5591
"vivo";28;-0,6844;0,6844
"conteúdo";17;-0,7921;0,7921
"mediação";18;-0,8387;0,8387
"aluno";20;-0,1758;0,1758
"junto";30;-0,3988;0,3988
"tio";11;-0,1611;0,1611
"imóvel";26;0,2999;-0,2999
"autismo";11;-0,5125;0,5125
"direção";14;0,3724;-0,3724
"quase";56;0,9531;-0,9531
"guarda";13;0,4122;-0,4122
"cenário";15;-0,6989;0,6989
"posto";15;-0,6989;0,6989
"bahia";10;-0,4659;0,4659
"chorar";11;-0,1611;0,1611
"melhor";75;-1,339;1,339
"leh";10;-0,4659;0,4659
"braço";12;0,9382;-0,9382
"pensar";48;-0,3441;0,3441
"audiência";14;-0,6523;0,6523
"seguinte";31;1,0508;-1,0508
"tribunal";13;-0,2126;0,2126
"produção";27;-0,6497;0,6497
"figura";19;0,5174;-0,5174
"construir";27;-0,3255;0,3255
"conduzir";10;-0,4659;0,4659
"1";79;-0,7612;0,7612
"mediador";14;-0,6523;0,6523
"determinado";23;-1,0717;1,0717
"estudo";26;1,3686;-1,3686
"voltar";93;-0,5869;0,5869
"civil";53;-0,4405;0,4405
"passar";154;1,6375;-1,6375
"maior";88;1,4993;-1,4993
"vizinho";25;1,9844;-1,9844
"ameaça";14;-0,2397;0,2397
"avaliar";14;-0,6523;0,6523
"copa";24;-1,1183;1,1183
"contribuir";11;0,5087;-0,5087
"enigma";12;-0,1864;0,1864
"r";12;-0,5591;0,5591
"ana";17;-0,7921;0,7921
"pro";34;1,2841;-1,2841
"ano";516;0,5609;-0,5609
"ideal";16;-0,7455;0,7455
"grátis";10;-0,4659;0,4659
"frio";11;1,0303;-1,0303
"prestar";14;-0,2397;0,2397
"tráfico";11;-0,5125;0,5125
"mercado";41;-0,7019;0,7019
"qualquer";56;-0,3104;0,3104
"briga";14;-0,6523;0,6523
"ouvir";45;-0,5011;0,5011
"crime";78;-0,7385;0,7385
"administração";10;-0,137;0,137
"romário";10;-0,4659;0,4659
"educação";17;0,6086;-0,6086
"índice";11;-0,1611;0,1611
"federal";50;-0,2217;0,2217
"descobrir";30;-0,1971;0,1971
"prêmio";17;-0,7921;0,7921
"por";1426;-0,3819;0,3819
"correto";17;-0,7921;0,7921
"60";21;0,7989;-0,7989
"acabar";80;-0,7841;0,7841
"verdadeiro";15;-0,2677;0,2677
"casa";167;0,2706;-0,2706
"caso";141;1,3133;-1,3133
"prisão";31;-0,2138;0,2138
"mil";103;-0,2837;0,2837
"fácil";20;0,8564;-0,8564
"evento";30;-1,3979;1,3979
"consumidor";11;0,5087;-0,5087
"regime";16;-0,2964;0,2964
"luta";15;0,3371;-0,3371
"bilhão";11;-0,1611;0,1611
"loja";23;0,3776;-0,3776
"tanto";46;-0,5249;0,5249
"abrigo";15;-0,2677;0,2677
"mineiro";19;-0,8853;0,8853
"legal";21;-0,4497;0,4497
"comunicado";18;0,5608;-0,5608
"compartilhar";14;0,7844;-0,7844
"instrumento";14;-0,6523;0,6523
"último";84;0,4567;-0,4567
"cena";12;-0,1864;0,1864
"feliz";16;0,6613;-0,6613
"defesa";20;-0,9319;0,9319
"5";69;-0,2248;0,2248
"aplicativo";13;-0,6057;0,6057
"pinheiro";11;-0,5125;0,5125
"participante";13;-0,2126;0,2126
"grupo";108;0,378;-0,378
"ali";39;-1,8173;1,8173
"velho";29;0,4676;-0,4676
"maioria";38;0,4644;-0,4644
"sociedade";25;-0,5815;0,5815
"existir";87;0,2753;-0,2753
"encaminhar";23;-0,2359;0,2359
"outorga";11;-0,5125;0,5125
"reino";16;0,3057;-0,3057
"ter";1071;-0,8422;0,8422
"sua";349;1,5363;-1,5363
"sul";63;0,3349;-0,3349
"agredir";13;0,4122;-0,4122
"contexto";12;-0,5591;0,5591
"livros_razões";10;-0,4659;0,4659
"avaliação";11;-0,5125;0,5125
"diário";18;0,2523;-0,2523
"texto";19;0,9189;-0,9189
"programação";15;-0,6989;0,6989
"provocar";21;-0,4497;0,4497
"começar";115;0,4117;-0,4117
"concessionário";22;-0,482;0,482
"salvador";11;-0,1611;0,1611
"levar";103;-1,0426;1,0426
"negócio";11;-0,1611;0,1611
"iniciar";15;-0,2677;0,2677
"renata";22;-1,0251;1,0251
"azul";10;1,1356;-1,1356
"festa";19;0,5174;-0,5174
"dentro";68;0,2633;-0,2633
"grande";167;-0,4405;0,4405
"santo";71;0,5311;-0,5311
"argentino";10;-0,4659;0,4659
"warmbier";13;1,4426;-1,4426
"pedido";27;-0,6497;0,6497
"cercar";63;0,9863;-0,9863
"fotógrafo";10;-0,4659;0,4659
"envolver";27;-0,3255;0,3255
"obra";34;-0,5033;0,5033
"natureza";10;1,8673;-1,8673
"king";11;-0,5125;0,5125
"dano";17;-0,3259;0,3259
"assistir";23;1,613;-1,613
"direito";56;-1,1765;1,1765
"situação";56;-0,5028;0,5028
"amar";19;-0,8853;0,8853
"curso";25;-0,5815;0,5815
"atualmente";18;-0,8387;0,8387
"superar";13;-0,6057;0,6057
"história";112;-1,6231;1,6231
"perícia";10;-0,4659;0,4659
"porque";147;-0,5883;0,5883
"vítima";95;-0,4424;0,4424
"curto";15;-0,6989;0,6989
"demonstrar";14;0,7844;-0,7844
"falha";19;0,2295;-0,2295
"solo";13;-0,6057;0,6057
"cortar";12;-0,1864;0,1864
"considerar";40;-1,1211;1,1211
"operar";17;-0,3259;0,3259
"óleo";20;-0,9319;0,9319
"inglês";10;-0,137;0,137
"criar";66;-1,0648;1,0648
"pm";29;1,1667;-1,1667
"auxiliar";11;-0,1611;0,1611
"cinco";43;0,3491;-0,3491
"rir";10;0,5677;-0,5677
"9";22;-0,2152;0,2152
"atrás";29;-1,3513;1,3513
"pé";15;0,7196;-0,7196
"literatura";17;-0,7921;0,7921
"incrível";14;-0,2397;0,2397
"fato";47;1;-1
"apenas";88;1,812;-1,812
"propor";11;-0,1611;0,1611
"competitivo";12;-0,5591;0,5591
"leitor";17;-0,7921;0,7921
"técnica";37;-0,5862;0,5862
"técnico";32;-0,826;0,826
"estratégia";11;-0,5125;0,5125
"lincoln";18;0,2523;-0,2523
"lá";68;0,2633;-0,2633
"rádio";13;-0,6057;0,6057
"medo";28;-0,6844;0,6844
"comandar";11;0,5087;-0,5087
"câmera";13;1,4426;-1,4426
"fantasia";12;-0,5591;0,5591
"voo";34;0,5835;-0,5835
"baiano";11;-0,5125;0,5125
"canal";16;-0,2964;0,2964
"fase";16;-0,7455;0,7455
"infelizmente";13;1,4426;-1,4426
"impossível";10;-0,137;0,137
"massa";12;-0,1864;0,1864
"imposto";10;1,1356;-1,1356
"tentativa";21;-0,9785;0,9785
"conselho";21;-0,9785;0,9785
"independente";12;-0,1864;0,1864
"problema";82;1,7532;-1,7532
"nenhum";46;0,2939;-0,2939
"desenvolver";21;-0,4497;0,4497
"palavra";22;-0,2152;0,2152
"garantir";27;-0,3255;0,3255
"incidente";12;-0,1864;0,1864
"metrô";14;-0,2397;0,2397
"informação";51;1,1546;-1,1546
"capital";53;0,3411;-0,3411
"recuperar";15;-0,2677;0,2677
"iniciativa";19;-0,8853;0,8853
"metro";31;-0,4242;0,4242
"substituir";13;-0,6057;0,6057
"comentar";15;-0,6989;0,6989
"especialista";22;-0,482;0,482
"noite";48;0,4411;-0,4411
"dedicar";16;-0,2964;0,2964
"estudante";26;0,5699;-0,5699
"tal";25;1,9844;-1,9844
"importar";11;1,0303;-1,0303
"semelhante";11;-0,1611;0,1611
"sim";52;0,8116;-0,8116
"ainda";209;-0,2725;0,2725
"descartar";10;-0,4659;0,4659
"superior";19;-0,3867;0,3867
"material";11;-0,1611;0,1611
"dever";101;-0,3812;0,3812
"souza";11;-0,5125;0,5125
"meu";115;-0,4324;0,4324
"80";18;0,2523;-0,2523
"conhecimento";18;0,5608;-0,5608
"prático";24;-1,1183;1,1183
"primeiro";156;-1,4175;1,4175
"apoio";24;-0,5479;0,5479
"york";28;-1,3047;1,3047
"embora";26;-0,6154;0,6154
"cair";36;-1,6775;1,6775
"capaz";16;0,3057;-0,3057
"efeito";14;0,3724;-0,3724
"carnaval";23;-1,0717;1,0717
"felício";10;-0,4659;0,4659
"sonho";21;0,4414;-0,4414
"servidor";20;-0,418;0,418
"distrito";15;-0,2677;0,2677
"terceiro";27;-0,6497;0,6497
"lugar";54;-0,7272;0,7272
"centro";57;-0,5242;0,5242
"bacia";21;-0,9785;0,9785
"debate";11;-0,5125;0,5125
"maria";35;-1,6309;1,6309
"partir";51;0,587;-0,587
"itália";21;-0,4497;0,4497
"trabalhar";90;0,907;-0,907
"combater";11;0,5087;-0,5087
"avô";20;0,4777;-0,4777
"amigo";48;-0,9163;0,9163
"bbc";63;-1,4147;1,4147
"fã";13;1,4426;-1,4426
"nardoni";15;0,7196;-0,7196
"diante";26;-0,3022;0,3022
"responsável";30;1,5521;-1,5521
"notícia";14;-0,6523;0,6523
"manutenção";16;-0,2964;0,2964
"privado";14;-0,2397;0,2397
"criação";15;-0,6989;0,6989
"preso";51;-0,2355;0,2355
"índio";15;-0,2677;0,2677
"presa";14;-0,2397;0,2397
"consumo";14;-0,2397;0,2397
"diminuir";12;-0,1864;0,1864
"criativo";11;-0,5125;0,5125
"mito";11;-0,5125;0,5125
"investir";15;0,3371;-0,3371
"cheio";10;-0,4659;0,4659
"citar";18;0,2523;-0,2523
"mídia";14;-0,2397;0,2397
"van";13;0,8568;-0,8568
"volume";12;-0,5591;0,5591
"fundo";23;-0,2359;0,2359
"tema";17;-0,7921;0,7921
"branco";32;-0,2311;0,2311
"presença";10;1,1356;-1,1356
"assunto";24;1,526;-1,526
"oferecer";37;-1,7241;1,7241
"stulbach";13;-0,6057;0,6057
"homicídio";25;-0,2795;0,2795
